{
  "site_id": 4321,
  "top_peak_intervals": [
    32,
    33,
    31,
    71,
    70,
    69
  ],
  "top_peak_times": [
    "08:00",
    "08:15",
    "07:45",
    "17:45",
    "17:30",
    "17:15"
  ],
  "peak_volumes": [
    136.25806451612902,
    131.70967741935485,
    130.83870967741936,
    130.58064516129033,
    130.4516129032258,
    129.5241935483871
  ],
  "total_samples": 10416
}