{
  "hour_1": NaN,
  "hour_17": 0.21615831826968082,
  "is_peak_evening_0": 0.21063955988091174,
  "is_peak_evening_1": 0.21063955988091174,
  "hour_18": 0.1808798082498948,
  "hour_15": 0.16967211233716428,
  "hour_14": 0.15765699126254215,
  "hour_2": 0.14812818312642204,
  "hour_23": 0.14246442220776365,
  "hour_13": 0.1385011753262192,
  "hour_4": 0.13631020981267486,
  "hour_5": 0.12576846795400504,
  "hour_3": 0.10541414053281621,
  "hour_20": 0.09332589600487899,
  "hour_7": 0.08943400023680344,
  "hour_10": 0.08503856890179173,
  "hour_8": 0.08363071315949445,
  "hour_of_day": 0.08238984496543225,
  "hour_11": 0.07577747472347142,
  "hour_21": 0.075346935235449,
  "day_of_week_4": 0.071412479419933,
  "hour_16": 0.06050806947317999,
  "day_of_week_3": 0.05312881345877169,
  "day_of_week_6": 0.04614213677933614,
  "hour_6": 0.037454793340413024,
  "hour_9": 0.03549757005431204,
  "day_of_week_2": 0.033173045071930606,
  "is_peak_morning_1": 0.03050550511468145,
  "is_peak_morning_0": 0.03050550511468144,
  "day_of_week_1": 0.0260801970110555,
  "day_of_week_5": 0.022602445082567934,
  "day_of_week_0": 0.020030018836645274,
  "hour_22": 0.01978299548093984,
  "hour_12": 0.0169691006728525,
  "is_weekend_1": 0.016853442990046586,
  "is_weekend_0": 0.016853442990046572,
  "hour_0": 0.01543748338187868,
  "hour_19": 0.002476851521411417
}