{
  "day_of_week_0": 0.30176731200107093,
  "hour_10": 0.21427995997380775,
  "day_of_week_2": 0.17648045069697077,
  "hour_12": 0.16822723060969821,
  "hour_14": 0.1621642182743285,
  "hour_20": 0.1595644524860999,
  "hour_0": 0.1463633127807362,
  "is_peak_evening_0": 0.1393356249071412,
  "is_peak_evening_1": 0.13933562490714113,
  "day_of_week_1": 0.13268147768680655,
  "hour_19": 0.12220648823191281,
  "hour_6": 0.11942471243263594,
  "hour_11": 0.11577493165177383,
  "hour_13": 0.11282396067075043,
  "hour_17": 0.11223367346616318,
  "hour_23": 0.11122487341276174,
  "hour_9": 0.10377974909395825,
  "hour_21": 0.10270998772272769,
  "hour_16": 0.08096748226525531,
  "hour_18": 0.06948292528992744,
  "hour_2": 0.059947812842972445,
  "hour_of_day": 0.05382761058843055,
  "day_of_week_6": 0.05158572453668018,
  "hour_3": 0.05119280188809782,
  "hour_22": 0.049567555031607494,
  "hour_7": 0.044249484033381935,
  "hour_8": 0.042304175265984276,
  "hour_15": 0.04131581658365504,
  "day_of_week_5": 0.0373998419708096,
  "hour_4": 0.02652524319128149,
  "hour_5": 0.02248621393918786,
  "day_of_week_3": 0.021689452362013247,
  "day_of_week_4": 0.020691325628041865,
  "is_weekend_0": 0.011997214414023415,
  "is_weekend_1": 0.011997214414023415,
  "is_peak_morning_0": 0.0054500888331136125,
  "is_peak_morning_1": 0.0054500888331136125
}