{
  "site_id": 4043,
  "top_peak_intervals": [
    70,
    69,
    71,
    72,
    68,
    73
  ],
  "top_peak_times": [
    "17:30",
    "17:15",
    "17:45",
    "18:00",
    "17:00",
    "18:15"
  ],
  "peak_volumes": [
    245.9516129032258,
    245.15322580645162,
    242.29032258064515,
    236.24193548387098,
    232.51612903225808,
    228.58870967741936
  ],
  "total_samples": 10416
}