{
  "site_id": 4266,
  "top_peak_intervals": [
    69,
    70,
    68,
    71,
    72,
    67
  ],
  "top_peak_times": [
    "17:15",
    "17:30",
    "17:00",
    "17:45",
    "18:00",
    "16:45"
  ],
  "peak_volumes": [
    205.08870967741936,
    204.65322580645162,
    202.78225806451613,
    201.79032258064515,
    198.54032258064515,
    193.42741935483872
  ],
  "total_samples": 10416
}