{
  "site_id": 4057,
  "top_peak_intervals": [
    35,
    72,
    63,
    34,
    70,
    68
  ],
  "top_peak_times": [
    "08:45",
    "18:00",
    "15:45",
    "08:30",
    "17:30",
    "17:00"
  ],
  "peak_volumes": [
    163.14754098360655,
    162.90983606557376,
    162.36065573770492,
    161.49180327868854,
    160.31147540983608,
    159.52459016393442
  ],
  "total_samples": 10248
}