{
  "hour_13": 0.21699574559318174,
  "hour_14": 0.18086323138624316,
  "hour_21": 0.15379206621889013,
  "day_of_week_4": 0.15302887718289546,
  "hour_2": 0.13080315554887764,
  "hour_4": 0.13026350092348646,
  "hour_6": 0.10843576754599175,
  "hour_22": 0.08483577231834176,
  "hour_7": 0.07360476320981897,
  "hour_12": 0.07240793779177322,
  "hour_of_day": 0.06328261967008313,
  "day_of_week_3": 0.06008862822197293,
  "is_weekend_0": 0.05834229989012878,
  "is_weekend_1": 0.05834229989012878,
  "hour_11": 0.0556644842123003,
  "hour_3": 0.05303788401161346,
  "hour_17": 0.0524475534803475,
  "hour_1": 0.05166296387897864,
  "day_of_week_5": 0.05121645644522998,
  "hour_16": 0.05004951134977409,
  "hour_8": 0.04633051694691284,
  "hour_20": 0.04049259331055085,
  "hour_0": 0.03937472887981602,
  "is_peak_morning_0": 0.03745101153981825,
  "is_peak_morning_1": 0.037451011539818245,
  "hour_15": 0.027982222410797626,
  "hour_9": 0.027019242181431452,
  "hour_19": 0.026928571906031346,
  "day_of_week_6": 0.025007694314232276,
  "hour_10": 0.020146561203771583,
  "hour_5": 0.019348677591741033,
  "day_of_week_0": 0.015022338512897103,
  "day_of_week_2": 0.010832758834200566,
  "day_of_week_1": 0.007399652310036487,
  "hour_23": 0.004615087496452424,
  "is_peak_evening_1": 0.0033736580004021773,
  "is_peak_evening_0": 0.0033736580004021703,
  "hour_18": 0.002129766440415911
}