{
  "hour_13": NaN,
  "day_of_week_3": 0.2090280947742837,
  "day_of_week_5": 0.20303112243368066,
  "hour_2": 0.1804675095317835,
  "hour_5": 0.16387529077853633,
  "day_of_week_0": 0.1525249628440226,
  "hour_8": 0.1453035962748547,
  "hour_3": 0.14189103069761524,
  "day_of_week_6": 0.1097538504770466,
  "hour_20": 0.10079140244090438,
  "hour_7": 0.09724661623270156,
  "hour_16": 0.08620026093306761,
  "is_peak_morning_0": 0.07711310387450118,
  "is_peak_morning_1": 0.07711310387450115,
  "hour_14": 0.07368759650087253,
  "day_of_week_1": 0.07079938642878063,
  "is_peak_evening_1": 0.06365744807793883,
  "is_peak_evening_0": 0.06365744807793879,
  "hour_12": 0.06355460240989028,
  "hour_18": 0.060327615708794975,
  "hour_6": 0.05905057049904073,
  "hour_15": 0.05886580054404654,
  "is_weekend_0": 0.05548220524671183,
  "is_weekend_1": 0.05548220524671183,
  "day_of_week_2": 0.05166924918666062,
  "hour_22": 0.05011151226343126,
  "hour_of_day": 0.04786106001870395,
  "hour_1": 0.0454461678288378,
  "hour_21": 0.031076667751843912,
  "hour_17": 0.0303311692906135,
  "hour_10": 0.02906554897400879,
  "hour_0": 0.02867503169417213,
  "day_of_week_4": 0.02503917814444151,
  "hour_23": 0.02477623352522768,
  "hour_19": 0.023297313471822973,
  "hour_11": 0.019508013375658904,
  "hour_9": 0.019031447692989704,
  "hour_4": 0.015183709134001269
}