{
  "site_id": 3126,
  "top_peak_intervals": [
    69,
    70,
    68,
    71,
    67,
    65
  ],
  "top_peak_times": [
    "17:15",
    "17:30",
    "17:00",
    "17:45",
    "16:45",
    "16:15"
  ],
  "peak_volumes": [
    263.48387096774195,
    258.80645161290323,
    254.81720430107526,
    251.91397849462365,
    248.5268817204301,
    246.5483870967742
  ],
  "total_samples": 7812
}