{
  "hour_10": 0.2456492198708836,
  "hour_14": 0.20416461532601102,
  "hour_12": 0.16696707873736205,
  "hour_2": 0.164087269869312,
  "hour_6": 0.13949318645169098,
  "hour_18": 0.13593399802125258,
  "hour_of_day": 0.13145646394481333,
  "day_of_week_0": 0.12211678837614118,
  "hour_4": 0.12018082504345465,
  "hour_0": 0.11060189378496942,
  "hour_11": 0.10623119166145213,
  "day_of_week_1": 0.08889338588044288,
  "hour_22": 0.07732072726108918,
  "hour_20": 0.07663085638973753,
  "hour_3": 0.07315359551115819,
  "hour_23": 0.06824202659410192,
  "hour_1": 0.06364386583794937,
  "day_of_week_4": 0.06006788143341767,
  "hour_7": 0.05731447199189224,
  "day_of_week_6": 0.051496675975066755,
  "hour_15": 0.04823577132490507,
  "hour_16": 0.044896796307563235,
  "hour_19": 0.04175563804011388,
  "is_peak_morning_1": 0.02915522827263409,
  "is_peak_morning_0": 0.029155228272634077,
  "hour_5": 0.02843976184930153,
  "hour_17": 0.026401257471107834,
  "day_of_week_5": 0.02491860661615999,
  "is_weekend_1": 0.023924596779762324,
  "is_weekend_0": 0.023924596779762303,
  "hour_21": 0.022710549084895212,
  "day_of_week_3": 0.020077736337098397,
  "day_of_week_2": 0.01969289463019323,
  "hour_8": 0.010462594056036244,
  "is_peak_evening_1": 0.008426627027793808,
  "is_peak_evening_0": 0.008426627027793792,
  "hour_9": 0.005845745053603224,
  "hour_13": 0.004434990124809303
}