{
  "hour_4": 0.2057099142645044,
  "hour_21": 0.2026944710200556,
  "hour_12": 0.1778455972767538,
  "hour_22": 0.13801107080845354,
  "hour_6": 0.13778550421169064,
  "hour_of_day": 0.13706181096284215,
  "day_of_week_0": 0.13623879097049216,
  "hour_9": 0.13120579983673467,
  "hour_1": 0.12371832167954804,
  "day_of_week_1": 0.11869209124786027,
  "hour_7": 0.11186395731825437,
  "is_peak_morning_1": 0.10582055716407601,
  "is_peak_morning_0": 0.10582055716407597,
  "hour_16": 0.09624437935023096,
  "hour_13": 0.08314525414744386,
  "hour_2": 0.07035114526147164,
  "hour_23": 0.06954020748504675,
  "hour_0": 0.0689373360721334,
  "day_of_week_5": 0.06833861852384152,
  "day_of_week_2": 0.06513776522027082,
  "hour_3": 0.053278251046135226,
  "is_peak_evening_1": 0.05003488507018385,
  "is_peak_evening_0": 0.050034885070183804,
  "hour_11": 0.0433550651326499,
  "hour_5": 0.03734223234240953,
  "day_of_week_6": 0.03348851827840057,
  "is_weekend_0": 0.029250187843329764,
  "is_weekend_1": 0.029250187843329764,
  "hour_15": 0.025080975018860623,
  "hour_14": 0.0199844194215118,
  "hour_10": 0.014710652849965457,
  "hour_17": 0.01058263578712801,
  "hour_19": 0.009120770182900192,
  "day_of_week_3": 0.0091068747252025,
  "day_of_week_4": 0.007826984714286438,
  "hour_8": 0.004357658142141228,
  "hour_18": 0.001753123394779433,
  "hour_20": 0.0017084681463847577
}