{
  "site_id": 4821,
  "top_peak_intervals": [
    69,
    70,
    68,
    71,
    72,
    66
  ],
  "top_peak_times": [
    "17:15",
    "17:30",
    "17:00",
    "17:45",
    "18:00",
    "16:30"
  ],
  "peak_volumes": [
    159.9516129032258,
    159.80645161290323,
    154.48387096774192,
    153.94354838709677,
    148.7983870967742,
    146.0241935483871
  ],
  "total_samples": 10416
}