{
  "site_id": 3682,
  "top_peak_intervals": [
    69,
    70,
    71,
    68,
    72,
    33
  ],
  "top_peak_times": [
    "17:15",
    "17:30",
    "17:45",
    "17:00",
    "18:00",
    "08:15"
  ],
  "peak_volumes": [
    210.51724137931035,
    209.8448275862069,
    206.25862068965517,
    197.13793103448276,
    194.44827586206895,
    193.83620689655172
  ],
  "total_samples": 9744
}