{
  "day_of_week_3": 0.2727282914320262,
  "hour_21": 0.21207281103237105,
  "hour_23": 0.1970606675964002,
  "hour_17": 0.1970606675964001,
  "hour_11": 0.1611576267552881,
  "day_of_week_0": 0.1435240097697841,
  "hour_5": 0.14012500119615623,
  "hour_0": 0.14012500119615617,
  "day_of_week_2": 0.13987046988602692,
  "is_peak_evening_1": 0.13045920160042254,
  "is_peak_evening_0": 0.13045920160042251,
  "hour_9": 0.12449627070964288,
  "hour_19": 0.12429037770688237,
  "hour_18": 0.11286662975588219,
  "hour_4": 0.10670051661545177,
  "hour_6": 0.1059392728158553,
  "hour_7": 0.1024768624923781,
  "hour_3": 0.09923824649923149,
  "hour_13": 0.09598524718215075,
  "hour_8": 0.08129623437845193,
  "hour_12": 0.062312923782489225,
  "hour_20": 0.06036892106501596,
  "hour_2": 0.056865041792120055,
  "day_of_week_1": 0.0499068629624705,
  "is_weekend_0": 0.04633492595491021,
  "is_weekend_1": 0.046334925954910205,
  "day_of_week_6": 0.045786800830254146,
  "hour_14": 0.04017127573794991,
  "hour_22": 0.03483908971796582,
  "hour_of_day": 0.03330525388594989,
  "hour_10": 0.03143019881800887,
  "hour_1": 0.029151075070134685,
  "day_of_week_4": 0.02037891068804113,
  "hour_16": 0.016448081404514914,
  "is_peak_morning_0": 0.015053184916702739,
  "is_peak_morning_1": 0.01505318491670272,
  "day_of_week_5": 0.0090135851546241,
  "hour_15": 0.0017709629313768095
}