{
  "hour_12": 0.1819972887348321,
  "hour_15": 0.17598771686844927,
  "hour_9": 0.15551753726019138,
  "hour_6": 0.14993476100339356,
  "hour_1": 0.14223052976901335,
  "hour_13": 0.13629750859810705,
  "day_of_week_4": 0.13116331212942492,
  "hour_10": 0.10976989472969212,
  "hour_20": 0.10785833718138725,
  "hour_23": 0.1065893307033941,
  "hour_7": 0.10270198602664111,
  "hour_4": 0.10117588055697474,
  "hour_of_day": 0.09872672231220417,
  "hour_8": 0.09829910498542438,
  "hour_22": 0.09290329547825885,
  "day_of_week_1": 0.09042206695492709,
  "hour_16": 0.07867851753927509,
  "is_peak_evening_0": 0.05911248705749645,
  "is_peak_evening_1": 0.059112487057496416,
  "hour_3": 0.056310530413283606,
  "hour_5": 0.0484635963884647,
  "day_of_week_3": 0.025273060919343854,
  "hour_18": 0.021269156423676064,
  "hour_14": 0.01933065626751998,
  "hour_0": 0.0182521942502485,
  "hour_21": 0.01594934223006333,
  "day_of_week_0": 0.01569039806397407,
  "day_of_week_6": 0.014357965215761813,
  "day_of_week_2": 0.013554199249885332,
  "day_of_week_5": 0.012741385550997795,
  "hour_17": 0.010365354583454198,
  "hour_2": 0.009931652999541712,
  "hour_19": 0.008812193652226753,
  "is_peak_morning_1": 0.0031291509450611264,
  "is_peak_morning_0": 0.003129150945061033,
  "hour_11": 0.0028402938217920904,
  "is_weekend_0": 0.0004928377332359661,
  "is_weekend_1": 0.0004928377332359514
}