{
  "site_id": 2825,
  "top_peak_intervals": [
    33,
    34,
    71,
    70,
    69,
    32
  ],
  "top_peak_times": [
    "08:15",
    "08:30",
    "17:45",
    "17:30",
    "17:15",
    "08:00"
  ],
  "peak_volumes": [
    321.80645161290323,
    318.96774193548384,
    309.6774193548387,
    309.5806451612903,
    307.93548387096774,
    291.38709677419354
  ],
  "total_samples": 2604
}