{
  "site_id": 4035,
  "top_peak_intervals": [
    69,
    70,
    71,
    68,
    72,
    66
  ],
  "top_peak_times": [
    "17:15",
    "17:30",
    "17:45",
    "17:00",
    "18:00",
    "16:30"
  ],
  "peak_volumes": [
    194.5241935483871,
    191.5483870967742,
    187.98387096774192,
    186.24193548387098,
    185.06451612903226,
    182.78225806451613
  ],
  "total_samples": 10416
}