{
  "site_id": 2000,
  "top_peak_intervals": [
    69,
    70,
    71,
    72,
    68,
    67
  ],
  "top_peak_times": [
    "17:15",
    "17:30",
    "17:45",
    "18:00",
    "17:00",
    "16:45"
  ],
  "peak_volumes": [
    304.4736842105263,
    302.4298245614035,
    302.2543859649123,
    296.14912280701753,
    290.93859649122805,
    285.10526315789474
  ],
  "total_samples": 9576
}