{
  "hour_10": 0.1958704517684224,
  "hour_13": 0.17836554250506087,
  "hour_23": 0.1639506398193208,
  "is_peak_evening_0": 0.15758973102878412,
  "is_peak_evening_1": 0.1575897310287841,
  "day_of_week_0": 0.15257580477164914,
  "hour_22": 0.13584189546127026,
  "hour_15": 0.13384129197685599,
  "hour_16": 0.11652991161426975,
  "hour_of_day": 0.11601733680686846,
  "hour_21": 0.11241618763075281,
  "day_of_week_2": 0.10887437993936518,
  "hour_17": 0.1077331511032196,
  "day_of_week_6": 0.10562751512925157,
  "hour_7": 0.09666000938641169,
  "is_peak_morning_0": 0.08826249486379253,
  "is_peak_morning_1": 0.08826249486379248,
  "hour_12": 0.07936353885220962,
  "day_of_week_5": 0.06681230250720625,
  "hour_14": 0.06664345495282935,
  "hour_3": 0.04989542581048256,
  "hour_0": 0.04904384725353915,
  "hour_8": 0.02898759580854583,
  "is_weekend_0": 0.028055484313516673,
  "is_weekend_1": 0.028055484313516673,
  "hour_9": 0.0275047352624289,
  "hour_5": 0.02622010936144082,
  "hour_2": 0.025547799277908945,
  "hour_1": 0.02534710375403491,
  "hour_4": 0.024622224709240435,
  "day_of_week_4": 0.022510611687490117,
  "hour_19": 0.0199581616576926,
  "hour_20": 0.01674158734756881,
  "day_of_week_1": 0.015256782719530829,
  "day_of_week_3": 0.010824740183033118,
  "hour_18": 0.0077746584056984985,
  "hour_6": 0.006972320779273995,
  "hour_11": 0.006741644466671455
}