{
  "hour_10": 0.207902419007599,
  "day_of_week_4": 0.20193104214761082,
  "hour_18": 0.1773957087184554,
  "day_of_week_6": 0.15510475702260262,
  "hour_0": 0.14915705952286984,
  "day_of_week_0": 0.13795342096754376,
  "hour_1": 0.13411911140040458,
  "is_weekend_0": 0.12238290008288925,
  "is_weekend_1": 0.12238290008288925,
  "hour_6": 0.12230359695242826,
  "hour_16": 0.11494896862385934,
  "hour_11": 0.11458639942952208,
  "hour_22": 0.09645208951155618,
  "hour_19": 0.09518784052006188,
  "hour_21": 0.08465246596034114,
  "hour_12": 0.07993988848403608,
  "is_peak_evening_1": 0.07864819770429092,
  "is_peak_evening_0": 0.07864819770429088,
  "is_peak_morning_0": 0.05701253678664652,
  "is_peak_morning_1": 0.05701253678664644,
  "hour_8": 0.05023689726929762,
  "day_of_week_1": 0.046659988001260595,
  "day_of_week_3": 0.04438736929014843,
  "hour_7": 0.032617282648814125,
  "hour_of_day": 0.027873771920802766,
  "day_of_week_2": 0.026384792820760162,
  "hour_14": 0.024926376982465723,
  "hour_4": 0.020440998706774783,
  "hour_23": 0.018586761693439157,
  "day_of_week_5": 0.010042904872699291,
  "hour_2": 0.008457163619050878,
  "hour_5": 0.00674518717794748,
  "hour_13": 0.006483903306975196,
  "hour_15": 0.0054162487208603075,
  "hour_17": 0.004864423729548344,
  "hour_20": 0.0027677381627837687,
  "hour_3": 0.001654722055523573
}