{
  "site_id": 4040,
  "top_peak_intervals": [
    69,
    71,
    70,
    68,
    72,
    33
  ],
  "top_peak_times": [
    "17:15",
    "17:45",
    "17:30",
    "17:00",
    "18:00",
    "08:15"
  ],
  "peak_volumes": [
    120.58602150537635,
    120.34408602150538,
    120.14516129032258,
    119.22043010752688,
    118.90322580645162,
    117.50537634408602
  ],
  "total_samples": 15624
}