{
  "day_of_week_3": 0.182566150605895,
  "hour_18": 0.17549513006613715,
  "day_of_week_2": 0.16409723437520088,
  "hour_16": 0.1588157259730463,
  "hour_14": 0.14205496593108327,
  "is_weekend_1": 0.12450676838821867,
  "is_weekend_0": 0.12450676838821863,
  "hour_22": 0.12255767527366036,
  "day_of_week_5": 0.11964450910155869,
  "hour_20": 0.11405098811239626,
  "hour_2": 0.10853435406015179,
  "hour_19": 0.10385213528215412,
  "hour_3": 0.10127753291291182,
  "hour_13": 0.09179306935617464,
  "hour_7": 0.08862323374795568,
  "is_peak_morning_0": 0.08862323374795568,
  "is_peak_morning_1": 0.08862323374795568,
  "hour_1": 0.0843968832622676,
  "hour_12": 0.07652896346391087,
  "is_peak_evening_1": 0.06623707330394922,
  "is_peak_evening_0": 0.06623707330394919,
  "hour_11": 0.0628019676340979,
  "hour_10": 0.061198554675299575,
  "day_of_week_1": 0.060422069365581726,
  "hour_0": 0.056966479295018,
  "day_of_week_6": 0.05232593079559863,
  "day_of_week_0": 0.04158147586219879,
  "hour_4": 0.040917889162246646,
  "hour_17": 0.04074708659856393,
  "hour_15": 0.03024531942213794,
  "hour_9": 0.022600592546138,
  "hour_21": 0.022432751462809212,
  "hour_of_day": 0.022295803844768633,
  "hour_6": 0.01825007411626335,
  "hour_5": 0.014309470988811432,
  "day_of_week_4": 0.0111151392149066,
  "hour_23": 0.00023346302423863486
}