{
  "hour_7": NaN,
  "day_of_week_2": 0.19966697155206176,
  "hour_16": 0.1849540696327769,
  "day_of_week_0": 0.15934254725397515,
  "is_peak_evening_1": 0.14235509920823586,
  "is_peak_evening_0": 0.14235509920823583,
  "day_of_week_4": 0.1240290965755289,
  "hour_1": 0.11800017222931568,
  "hour_19": 0.10621250131546885,
  "is_weekend_0": 0.10544761954739625,
  "is_weekend_1": 0.10544761954739623,
  "hour_0": 0.1002123804269221,
  "hour_12": 0.09918496398673361,
  "hour_2": 0.09177393986120645,
  "hour_8": 0.08976057929561303,
  "is_peak_morning_1": 0.08976057929561303,
  "is_peak_morning_0": 0.08976057929561301,
  "hour_15": 0.08976057929561289,
  "hour_18": 0.08725345445954767,
  "day_of_week_5": 0.0805246879500113,
  "hour_4": 0.07220910019807751,
  "hour_11": 0.059823319718132845,
  "hour_22": 0.05478362329471878,
  "hour_14": 0.05412586069735832,
  "day_of_week_6": 0.05364876338732465,
  "hour_3": 0.044960383142199266,
  "hour_13": 0.040169099021793615,
  "hour_17": 0.03673425617837996,
  "hour_10": 0.029354299737468902,
  "hour_5": 0.028858868518271203,
  "hour_of_day": 0.025639823858574055,
  "hour_23": 0.022343869466245832,
  "day_of_week_3": 0.018597312895220694,
  "hour_20": 0.016543577698287765,
  "hour_9": 0.015640443553259845,
  "hour_6": 0.012633496089543578,
  "day_of_week_1": 0.0066288946276526406,
  "hour_21": 0.0008670046335961042
}