{
  "site_id": 3812,
  "top_peak_intervals": [
    69,
    73,
    70,
    72,
    68,
    64
  ],
  "top_peak_times": [
    "17:15",
    "18:15",
    "17:30",
    "18:00",
    "17:00",
    "16:00"
  ],
  "peak_volumes": [
    202.66129032258064,
    194.25,
    189.28225806451613,
    184.07258064516128,
    181.4516129032258,
    179.48387096774192
  ],
  "total_samples": 10416
}