{
  "day_of_week_3": 0.2455630202215383,
  "day_of_week_0": 0.20003647171645253,
  "hour_3": 0.1735481827077952,
  "hour_6": 0.15885334304223692,
  "hour_23": 0.15166709369531775,
  "hour_18": 0.14308422584385772,
  "hour_2": 0.14184727539196285,
  "hour_16": 0.11978665016611154,
  "hour_15": 0.10723906467213376,
  "hour_10": 0.09325902712301394,
  "hour_14": 0.09099326918461222,
  "hour_22": 0.08816436444686063,
  "hour_11": 0.08789928745443605,
  "hour_0": 0.08646350016104062,
  "hour_12": 0.08144953969777902,
  "is_weekend_1": 0.08017226692194632,
  "is_weekend_0": 0.08017226692194629,
  "hour_4": 0.06930936440407211,
  "hour_19": 0.06697116082888104,
  "is_peak_evening_1": 0.06356477150201013,
  "is_peak_evening_0": 0.06356477150201012,
  "day_of_week_6": 0.06302028583036383,
  "hour_17": 0.05956651383050891,
  "hour_20": 0.05315314762145913,
  "day_of_week_4": 0.05301331769153487,
  "hour_8": 0.05054727531379782,
  "hour_9": 0.04833997071494196,
  "is_peak_morning_1": 0.04668412454457379,
  "is_peak_morning_0": 0.04668412454457367,
  "hour_21": 0.04100407176749015,
  "hour_1": 0.03884856093986206,
  "day_of_week_5": 0.037513166477349834,
  "day_of_week_1": 0.03395115249889888,
  "hour_of_day": 0.016164830947373046,
  "hour_13": 0.015030499941002279,
  "day_of_week_2": 0.009824733849215245,
  "hour_7": 0.006391370318673796,
  "hour_5": 0.0063127728672060434
}