{
  "hour_7": 0.22699639417593503,
  "hour_18": NaN,
  "is_peak_morning_1": 0.20922568008527456,
  "is_peak_morning_0": 0.2092256800852745,
  "hour_9": 0.1862722473915908,
  "hour_of_day": 0.16449574273185497,
  "hour_6": 0.15378833071392983,
  "hour_11": 0.13569360078166495,
  "hour_19": 0.13334883248569973,
  "hour_22": 0.11170523597773131,
  "hour_3": 0.11025774416396639,
  "hour_4": 0.10038686286011979,
  "hour_23": 0.09788888026001562,
  "hour_10": 0.09778639744597584,
  "day_of_week_2": 0.07566650748185764,
  "day_of_week_6": 0.06811996923142583,
  "hour_16": 0.05705452964486636,
  "day_of_week_1": 0.054697913015696605,
  "hour_5": 0.04937417035774626,
  "day_of_week_0": 0.04901334231392891,
  "hour_8": 0.045208636371617414,
  "hour_1": 0.043974776208636546,
  "hour_0": 0.04027467691714123,
  "hour_17": 0.035337755067770815,
  "hour_14": 0.03499227422213609,
  "day_of_week_5": 0.027520212883276315,
  "is_weekend_0": 0.027321843431782806,
  "is_weekend_1": 0.027321843431782806,
  "hour_15": 0.02345710854778226,
  "is_peak_evening_1": 0.022083141888815595,
  "is_peak_evening_0": 0.02208314188881554,
  "hour_2": 0.021997674790075653,
  "day_of_week_4": 0.021277187805282146,
  "hour_20": 0.014016651451462098,
  "day_of_week_3": 0.011316296976507228,
  "hour_13": 0.006878225968480291,
  "hour_12": 0.0042156868839073065,
  "hour_21": 0.002279698693423145
}