{
  "day_of_week_5": 0.22522952771117258,
  "hour_0": 0.17374104329740736,
  "hour_8": 0.15892093627572218,
  "hour_20": 0.15162896557576072,
  "is_weekend_0": 0.15075400517751963,
  "is_weekend_1": 0.15075400517751963,
  "hour_4": 0.14572517716917704,
  "day_of_week_0": 0.13787931242405585,
  "hour_7": 0.12920742279573974,
  "is_peak_evening_1": 0.12724763771688766,
  "is_peak_evening_0": 0.12724763771688763,
  "hour_17": 0.11427082100477873,
  "hour_23": 0.11266533253359128,
  "hour_18": 0.10715375957949615,
  "day_of_week_1": 0.10590624853031429,
  "hour_22": 0.10460318015237244,
  "hour_3": 0.09928204170405108,
  "hour_21": 0.09597547290679458,
  "hour_of_day": 0.08798364225224127,
  "hour_5": 0.08351382931520064,
  "day_of_week_4": 0.0757417687870469,
  "day_of_week_2": 0.06078896671991601,
  "hour_16": 0.053925903953652536,
  "hour_15": 0.0527216899178674,
  "hour_11": 0.05199584238710809,
  "is_peak_morning_0": 0.04867152681366143,
  "is_peak_morning_1": 0.04867152681366143,
  "hour_1": 0.04429326620898347,
  "hour_14": 0.03807525071565308,
  "hour_6": 0.03239325830208444,
  "hour_19": 0.03230897738522255,
  "hour_13": 0.02596223352085364,
  "hour_2": 0.023944771611443108,
  "hour_12": 0.01248325563836425,
  "day_of_week_3": 0.011615186109663181,
  "hour_10": 0.010587064908486148,
  "hour_9": 0.007970114348888151,
  "day_of_week_6": 0.003788264227557964
}