{
  "hour_0": NaN,
  "hour_18": 0.21103672601911683,
  "hour_20": 0.1663178100502669,
  "hour_14": 0.1650243645894453,
  "hour_6": 0.1622803142051114,
  "hour_13": 0.13714684525721266,
  "hour_11": 0.1360898792468905,
  "hour_19": 0.12275838360853035,
  "day_of_week_3": 0.11919443053602473,
  "hour_8": 0.09263211068360436,
  "is_weekend_0": 0.09025823232237369,
  "is_weekend_1": 0.09025823232237365,
  "day_of_week_2": 0.08269691110832728,
  "hour_10": 0.08170450355748854,
  "hour_1": 0.07497177012949775,
  "day_of_week_5": 0.07463862005652791,
  "hour_15": 0.07411765679857886,
  "hour_22": 0.07355720842894119,
  "hour_3": 0.06929908752094456,
  "hour_7": 0.056279985611429315,
  "hour_9": 0.04992066520335825,
  "hour_21": 0.04960630573133239,
  "day_of_week_1": 0.048660402713508175,
  "day_of_week_6": 0.044461186878093195,
  "is_peak_evening_0": 0.0411416299028012,
  "is_peak_evening_1": 0.0411416299028012,
  "hour_of_day": 0.03832084919116711,
  "day_of_week_0": 0.03515013040239322,
  "day_of_week_4": 0.03344360747980914,
  "hour_17": 0.03275050010156622,
  "hour_16": 0.02494151270875915,
  "hour_5": 0.02334026805918328,
  "hour_2": 0.022343114503220837,
  "hour_23": 0.014308470918160029,
  "hour_4": 0.013672538877352867,
  "is_peak_morning_0": 0.012839279130462485,
  "is_peak_morning_1": 0.012839279130462473,
  "hour_12": 0.0007072808502782892
}