{
  "hour_of_day": 0.2673623357673312,
  "hour_22": 0.1832234970139485,
  "hour_23": 0.17496832706513407,
  "hour_6": 0.16701021092564736,
  "hour_14": 0.1212222339004105,
  "hour_19": 0.11933618567395905,
  "hour_7": 0.11707301755385921,
  "hour_9": 0.10235128875148496,
  "hour_0": 0.09051325343094116,
  "hour_20": 0.08502107505500063,
  "day_of_week_2": 0.08273057702289253,
  "day_of_week_5": 0.07881325935022715,
  "is_peak_morning_1": 0.06579289972506945,
  "is_peak_morning_0": 0.06579289972506942,
  "day_of_week_4": 0.06556512289970814,
  "hour_1": 0.0651283494452293,
  "hour_3": 0.0648907194127072,
  "hour_10": 0.06400620820328878,
  "hour_15": 0.05892815481795763,
  "hour_8": 0.04738184125228495,
  "hour_4": 0.0452835491584899,
  "day_of_week_6": 0.04262615409856146,
  "day_of_week_3": 0.03605311568706393,
  "hour_13": 0.03278678331337687,
  "hour_16": 0.0322215635158539,
  "hour_21": 0.028267885828789932,
  "hour_5": 0.02784474142653664,
  "is_weekend_0": 0.025132775836504636,
  "is_weekend_1": 0.025132775836504636,
  "hour_11": 0.023745594743036873,
  "hour_2": 0.021484109529414357,
  "hour_12": 0.021425160339886215,
  "is_peak_evening_1": 0.012976617535310417,
  "is_peak_evening_0": 0.012976617535310403,
  "hour_18": 0.0129766175353104,
  "day_of_week_0": 0.011117464105632885,
  "hour_17": 0.00986492808883391,
  "day_of_week_1": 0.005722402241857877
}