{
  "hour_16": 0.2541821200797071,
  "hour_21": 0.20568655467504018,
  "hour_18": 0.18496661685189558,
  "hour_13": 0.1638368040262514,
  "hour_23": 0.14952495427335516,
  "hour_20": 0.14916346822558021,
  "hour_17": 0.1465080394640411,
  "is_peak_evening_0": 0.13287136750585424,
  "is_peak_evening_1": 0.13287136750585424,
  "hour_11": 0.12408728408431961,
  "hour_4": 0.12170202650589844,
  "hour_3": 0.12047054421940953,
  "hour_22": 0.1201262507119095,
  "day_of_week_3": 0.11998595251669548,
  "is_peak_morning_1": 0.11385776926734133,
  "is_peak_morning_0": 0.11385776926734124,
  "hour_1": 0.11205082006254495,
  "hour_8": 0.10519476335873841,
  "hour_2": 0.09755017112380736,
  "day_of_week_6": 0.08372616869959398,
  "hour_6": 0.08136676295379097,
  "hour_10": 0.07968383941615041,
  "hour_of_day": 0.07599640141600948,
  "hour_7": 0.06943502661888724,
  "hour_5": 0.06386316232119194,
  "day_of_week_2": 0.057943938400619246,
  "is_weekend_0": 0.055795483594581106,
  "is_weekend_1": 0.055795483594581106,
  "day_of_week_1": 0.05357527223356987,
  "hour_14": 0.04677433449907379,
  "hour_0": 0.03959261197922628,
  "day_of_week_5": 0.03137951841803052,
  "day_of_week_0": 0.029273973588872588,
  "hour_19": 0.024722217864768338,
  "hour_9": 0.008789696359356067,
  "hour_12": 0.007459848032522451,
  "hour_15": 0.0010211459127116252,
  "day_of_week_4": 0.0009305631364949038
}