{
  "hour_8": NaN,
  "day_of_week_4": 0.23881258331701405,
  "hour_23": 0.18122749087754678,
  "day_of_week_1": 0.16313859907823586,
  "hour_19": 0.16135427439638533,
  "hour_7": 0.14570821289306402,
  "is_peak_morning_0": 0.14570821289306402,
  "is_peak_morning_1": 0.14570821289306402,
  "day_of_week_2": 0.14422805154903123,
  "hour_11": 0.1353663190380595,
  "day_of_week_3": 0.1333364446594903,
  "hour_13": 0.12818116242477254,
  "hour_21": 0.1263164563879114,
  "hour_0": 0.10573029095228077,
  "hour_5": 0.10129511420326527,
  "hour_6": 0.09312706148818935,
  "is_peak_evening_0": 0.08420342274198549,
  "is_peak_evening_1": 0.08420342274198549,
  "hour_2": 0.08359161882502593,
  "hour_17": 0.08214344319472666,
  "is_weekend_0": 0.07271226157661238,
  "is_weekend_1": 0.07271226157661238,
  "day_of_week_6": 0.07101400733229489,
  "hour_9": 0.06597208623600599,
  "hour_15": 0.055760502463954316,
  "hour_1": 0.05359045171744361,
  "hour_16": 0.034430916919932796,
  "hour_3": 0.03217040001685924,
  "hour_4": 0.02734966075359364,
  "hour_10": 0.026877787433364237,
  "hour_of_day": 0.020399757845245885,
  "day_of_week_5": 0.019965917554723614,
  "hour_20": 0.014065449179145938,
  "hour_18": 0.013745386530647346,
  "hour_14": 0.009893126970586832,
  "hour_22": 0.008970771983939767,
  "hour_12": 0.007807479856346593,
  "day_of_week_0": 0.0037940687884332742
}