{
  "hour_22": 0.22416960430683294,
  "day_of_week_0": 0.17016082045549819,
  "hour_3": 0.16026149033852952,
  "hour_11": 0.15250973380846056,
  "hour_12": 0.14941308946717208,
  "day_of_week_4": 0.14860447694469703,
  "hour_19": 0.11528369945762006,
  "hour_9": 0.10987585566524735,
  "hour_5": 0.10760714776646145,
  "hour_13": 0.10079657655787747,
  "hour_of_day": 0.09918003333856817,
  "hour_21": 0.09416433824035252,
  "hour_1": 0.08971666799899859,
  "hour_17": 0.08795099168979449,
  "hour_7": 0.07732943850224919,
  "is_peak_morning_1": 0.07473870304780349,
  "is_peak_morning_0": 0.07473870304780347,
  "hour_20": 0.07259304986389173,
  "hour_14": 0.07223873686873533,
  "hour_4": 0.059366810592485136,
  "day_of_week_2": 0.055787414040434954,
  "hour_23": 0.05382795969677745,
  "day_of_week_3": 0.05360593486116849,
  "hour_16": 0.05285809720406912,
  "day_of_week_5": 0.047148948383158855,
  "is_weekend_0": 0.046459341125082286,
  "is_weekend_1": 0.046459341125082286,
  "hour_0": 0.036729642603616865,
  "hour_18": 0.030708389717778013,
  "hour_8": 0.020702713712153258,
  "hour_2": 0.015651404636359858,
  "day_of_week_1": 0.014078262699746965,
  "day_of_week_6": 0.012738184841175906,
  "hour_6": 0.012644631060261534,
  "hour_15": 0.009911280686594644,
  "hour_10": 0.005516871328661212,
  "is_peak_evening_0": 0.0008845180396935022,
  "is_peak_evening_1": 0.0008845180396934922
}