{
  "hour_14": 0.23311193150310947,
  "hour_23": NaN,
  "day_of_week_3": 0.2599351985789208,
  "hour_10": 0.25461842482443997,
  "hour_3": 0.1885492986779295,
  "hour_21": 0.18137096327175212,
  "hour_7": 0.15421764758637974,
  "hour_11": 0.15325450069333538,
  "day_of_week_2": 0.15085872249294988,
  "hour_22": 0.14014758665619534,
  "hour_2": 0.13686135109204986,
  "is_peak_morning_0": 0.12277986734502956,
  "is_peak_morning_1": 0.12277986734502956,
  "day_of_week_1": 0.12166165361693276,
  "day_of_week_5": 0.11148194614942111,
  "hour_19": 0.10438108105844142,
  "hour_13": 0.09807718123698123,
  "hour_5": 0.09351461663255309,
  "hour_9": 0.08627802830110584,
  "hour_1": 0.08601925567765564,
  "day_of_week_6": 0.08035574697559154,
  "day_of_week_0": 0.06871234171188814,
  "hour_18": 0.06463275348399551,
  "hour_8": 0.05618824791532606,
  "hour_20": 0.048024730269791954,
  "hour_of_day": 0.04579492275002623,
  "hour_12": 0.04448331171781773,
  "hour_6": 0.03340436880022263,
  "hour_16": 0.0330245180505221,
  "hour_15": 0.030402484064771994,
  "hour_4": 0.02634056023352658,
  "hour_0": 0.023226896580753716,
  "is_weekend_1": 0.020837344748389764,
  "is_weekend_0": 0.020837344748389754,
  "day_of_week_4": 0.017886243834382712,
  "hour_17": 0.011884327691709587,
  "is_peak_evening_0": 0.009823090431269088,
  "is_peak_evening_1": 0.009823090431269077
}