{
  "hour_9": 0.20785748654101371,
  "is_peak_morning_0": 0.16936225322916915,
  "is_peak_morning_1": 0.16936225322916912,
  "hour_5": 0.15463060297007025,
  "day_of_week_1": 0.14754607791580782,
  "hour_7": 0.14533603657235,
  "hour_23": 0.14013837046404354,
  "hour_18": 0.13195186095963285,
  "hour_16": 0.12925446631110002,
  "hour_3": 0.1281122573603092,
  "hour_15": 0.12354544201769511,
  "hour_14": 0.12035523561580341,
  "hour_19": 0.11736998793620504,
  "hour_11": 0.1164744136323257,
  "hour_8": 0.10142041606787493,
  "hour_12": 0.10087217994011664,
  "hour_20": 0.09564240469600137,
  "is_peak_evening_0": 0.09330658427226217,
  "is_peak_evening_1": 0.09330658427226217,
  "day_of_week_3": 0.0846528452912352,
  "hour_13": 0.08463177171661085,
  "day_of_week_6": 0.06854130840765245,
  "day_of_week_0": 0.06712226033553531,
  "is_weekend_1": 0.06696484675221331,
  "is_weekend_0": 0.06696484675221327,
  "hour_2": 0.052390372595149004,
  "hour_0": 0.05069945642517717,
  "hour_1": 0.04940427076898667,
  "hour_4": 0.04420425908919268,
  "hour_17": 0.03844852299856883,
  "hour_10": 0.03512170958262618,
  "day_of_week_2": 0.028806504974195474,
  "hour_6": 0.021496751002990595,
  "day_of_week_5": 0.017037996612926105,
  "hour_of_day": 0.01412730850538084,
  "day_of_week_4": 0.0071239702259937735,
  "hour_21": 0.0010448366878594087
}