{
  "site_id": 4270,
  "top_peak_intervals": [
    70,
    71,
    72,
    69,
    73,
    68
  ],
  "top_peak_times": [
    "17:30",
    "17:45",
    "18:00",
    "17:15",
    "18:15",
    "17:00"
  ],
  "peak_volumes": [
    171.6451612903226,
    167.0241935483871,
    165.41129032258064,
    165.21774193548387,
    160.99193548387098,
    160.40322580645162
  ],
  "total_samples": 10416
}