{
  "hour_14": NaN,
  "hour_18": NaN,
  "hour_of_day": 0.161687823397854,
  "day_of_week_2": 0.16025766110617487,
  "day_of_week_4": 0.15164343285315382,
  "hour_13": 0.149121328853501,
  "hour_10": 0.14224599660451182,
  "hour_6": 0.1346203063919562,
  "hour_12": 0.1302691096858837,
  "hour_9": 0.12772117443199377,
  "hour_17": 0.11883549643079185,
  "hour_16": 0.1079403284011087,
  "hour_22": 0.10385621818952806,
  "hour_11": 0.09925868943619606,
  "hour_23": 0.09858517839676477,
  "hour_1": 0.08663035744685814,
  "hour_19": 0.08558713363471952,
  "is_peak_evening_1": 0.06851712360231006,
  "is_peak_evening_0": 0.06851712360231,
  "hour_3": 0.06565056888727165,
  "hour_4": 0.05021175032461366,
  "day_of_week_6": 0.03958012122328909,
  "is_weekend_0": 0.03754410132414907,
  "is_weekend_1": 0.03754410132414907,
  "hour_21": 0.03193564845303677,
  "hour_15": 0.030425720691996214,
  "day_of_week_0": 0.028898994377444587,
  "hour_8": 0.023323511820413652,
  "hour_5": 0.020682401502537896,
  "hour_2": 0.019178337918681388,
  "hour_0": 0.018893661478503406,
  "hour_7": 0.01366666150846128,
  "day_of_week_1": 0.01156468044258316,
  "day_of_week_3": 0.008008429196930112,
  "day_of_week_5": 0.007801319333255665,
  "hour_20": 0.00665092151438464,
  "is_peak_morning_1": 0.0016400822970351276,
  "is_peak_morning_0": 0.001640082297035107
}