{
  "hour_8": 0.2601101029277397,
  "hour_22": 0.2163269850533206,
  "hour_16": 0.1930621429084856,
  "is_peak_morning_1": 0.17903986119205065,
  "is_peak_morning_0": 0.17903986119205056,
  "hour_of_day": 0.16972201138124832,
  "hour_19": 0.1612789502578275,
  "hour_6": 0.15519983415312236,
  "hour_18": 0.1548539686251659,
  "day_of_week_2": 0.13628934672882784,
  "hour_1": 0.12844491128880806,
  "day_of_week_3": 0.12089526044440985,
  "hour_17": 0.11136002618856601,
  "is_peak_evening_0": 0.10668246009716875,
  "is_peak_evening_1": 0.10668246009716874,
  "hour_23": 0.0965933429907748,
  "is_weekend_0": 0.09567148089749049,
  "is_weekend_1": 0.09567148089749045,
  "day_of_week_6": 0.09532746432734128,
  "hour_13": 0.08778698577259561,
  "hour_3": 0.08660455172066557,
  "hour_15": 0.08400818070133886,
  "hour_21": 0.08183935566877612,
  "hour_4": 0.07199953823115376,
  "hour_0": 0.06771984361508919,
  "hour_5": 0.06704372696557752,
  "hour_11": 0.054813528579763786,
  "hour_9": 0.04420711340939019,
  "hour_7": 0.0411349369562902,
  "day_of_week_1": 0.03780397686112007,
  "day_of_week_0": 0.03721442241537178,
  "hour_10": 0.034165113896908794,
  "hour_12": 0.030585561663451874,
  "hour_14": 0.025349914156620443,
  "day_of_week_4": 0.024574742059989357,
  "hour_2": 0.02355590406898664,
  "day_of_week_5": 0.018453663044462353,
  "hour_20": 0.009024993055594455
}