{
  "hour_12": 0.2027527467834628,
  "hour_3": 0.1841007451462034,
  "is_peak_morning_0": 0.1686872894519414,
  "is_peak_morning_1": 0.16868728945194125,
  "hour_21": 0.16538409303382812,
  "hour_of_day": 0.1567106471417682,
  "hour_5": 0.1536217773960431,
  "hour_2": 0.15276977948386378,
  "day_of_week_2": 0.15081039778509095,
  "hour_23": 0.1504108832589161,
  "hour_0": 0.12803785944408858,
  "hour_8": 0.12555024611069562,
  "hour_17": 0.12331031321273675,
  "hour_20": 0.12237478519520609,
  "hour_19": 0.12003578177692666,
  "is_peak_evening_0": 0.11215305400028916,
  "is_peak_evening_1": 0.11215305400028916,
  "hour_15": 0.10687176422982035,
  "hour_7": 0.10671704056755973,
  "hour_6": 0.10030517488028795,
  "hour_10": 0.08805070730869628,
  "day_of_week_0": 0.0684107061147941,
  "day_of_week_3": 0.06814075869538054,
  "day_of_week_1": 0.059040949292697376,
  "day_of_week_5": 0.05772782007137889,
  "hour_13": 0.04966435916282313,
  "is_weekend_0": 0.044598157998060856,
  "is_weekend_1": 0.044598157998060856,
  "hour_9": 0.043204411451661665,
  "hour_16": 0.0430897678173583,
  "hour_18": 0.0367427644038762,
  "hour_4": 0.036614488969584795,
  "hour_1": 0.036036383204397865,
  "hour_22": 0.0242765641150573,
  "hour_14": 0.01665938297018304,
  "hour_11": 0.014687798800117067,
  "day_of_week_4": 0.013346120979371575,
  "day_of_week_6": 0.0011115974051856868
}