{
  "day_of_week_4": 0.22717218910107217,
  "hour_7": 0.17273564086009321,
  "day_of_week_3": 0.14843474588525607,
  "hour_19": 0.1368151482225771,
  "hour_1": 0.13641075789635798,
  "hour_12": 0.12705541429001505,
  "hour_20": 0.11958146631216032,
  "hour_4": 0.09806186167824141,
  "hour_2": 0.09418052933396107,
  "hour_15": 0.08102582589272776,
  "day_of_week_2": 0.08047839264408065,
  "hour_9": 0.07358644940206341,
  "day_of_week_0": 0.07192856599576905,
  "hour_11": 0.07154950342905618,
  "hour_8": 0.06928058368828048,
  "hour_18": 0.06817304693187867,
  "hour_6": 0.0621867419425783,
  "hour_21": 0.059001353701186185,
  "day_of_week_6": 0.05804802707322423,
  "is_peak_morning_0": 0.052957979932169094,
  "is_peak_morning_1": 0.052957979932169094,
  "hour_23": 0.04514375241388118,
  "hour_0": 0.04445051297263607,
  "hour_5": 0.043648961430726496,
  "hour_13": 0.040608457285573316,
  "hour_22": 0.03099243876907808,
  "hour_of_day": 0.02969331702790917,
  "is_weekend_0": 0.028694268456953113,
  "is_weekend_1": 0.028694268456953113,
  "day_of_week_5": 0.028511794102385173,
  "hour_10": 0.0248734311518743,
  "hour_14": 0.021285937318531522,
  "is_peak_evening_0": 0.019828439723708458,
  "is_peak_evening_1": 0.019828439723708388,
  "hour_16": 0.015341509638471081,
  "hour_3": 0.014496776305886843,
  "day_of_week_1": 0.0129203488563737,
  "hour_17": 0.01174933875415285
}