{
  "hour_4": NaN,
  "is_peak_morning_1": 0.20858936735081948,
  "is_peak_morning_0": 0.2085893673508194,
  "hour_7": 0.2016950386922078,
  "hour_10": 0.18886106559931098,
  "hour_2": 0.17727733978192944,
  "hour_6": 0.16530921685238015,
  "hour_12": 0.16064544839061456,
  "day_of_week_1": 0.14353106757693654,
  "hour_5": 0.13405714722224302,
  "hour_20": 0.11965014590872952,
  "hour_15": 0.11124606180918004,
  "day_of_week_2": 0.08913736365496804,
  "hour_13": 0.08455716996184186,
  "hour_9": 0.08124714716770824,
  "day_of_week_6": 0.07873025006238063,
  "is_peak_evening_1": 0.07714949203386474,
  "is_peak_evening_0": 0.0771494920338647,
  "day_of_week_4": 0.07683606008382456,
  "hour_of_day": 0.0762535230045495,
  "hour_8": 0.07489770325990946,
  "hour_0": 0.07276381903439272,
  "hour_22": 0.06866605605276868,
  "hour_16": 0.0672505529389206,
  "hour_23": 0.06491363012723257,
  "hour_19": 0.06374064274713893,
  "day_of_week_5": 0.06117043612011927,
  "hour_21": 0.052596508977297875,
  "day_of_week_3": 0.03904646153261939,
  "hour_17": 0.03660826815314856,
  "hour_1": 0.026821034111990917,
  "hour_11": 0.019696392270682088,
  "is_weekend_1": 0.015180269031131396,
  "is_weekend_0": 0.015180269031131377,
  "hour_3": 0.014769830922337378,
  "day_of_week_0": 0.01000787550888155,
  "hour_18": 0.006887332764985866,
  "hour_14": 0.006887332764985861
}