{
  "hour_1": 0.2728208273761597,
  "day_of_week_5": 0.20815973024986695,
  "hour_17": 0.17924958708112695,
  "hour_19": 0.14985900136733143,
  "hour_8": 0.13471037516297962,
  "is_peak_evening_0": 0.12715254297287956,
  "is_peak_evening_1": 0.1271525429728795,
  "hour_of_day": 0.12029875714566941,
  "is_weekend_0": 0.11163841732979549,
  "is_weekend_1": 0.11163841732979549,
  "hour_6": 0.102889882711435,
  "day_of_week_4": 0.09722995791789957,
  "hour_10": 0.09637717736432387,
  "hour_20": 0.09271403873398096,
  "hour_15": 0.0923591424679524,
  "is_peak_morning_0": 0.08795661219808693,
  "is_peak_morning_1": 0.08795661219808693,
  "hour_13": 0.08748949372096487,
  "day_of_week_0": 0.0767251634790718,
  "day_of_week_1": 0.06929675362819046,
  "hour_12": 0.06845388652663008,
  "hour_7": 0.050486579982268874,
  "hour_22": 0.05022163062200228,
  "hour_23": 0.049736940641021445,
  "hour_16": 0.04448888024561321,
  "day_of_week_6": 0.03950768811357401,
  "day_of_week_3": 0.03875833374046855,
  "hour_3": 0.03227281082908116,
  "hour_9": 0.022904331992639467,
  "hour_21": 0.018280408819626066,
  "hour_18": 0.017791662049074633,
  "hour_11": 0.015990061464567697,
  "hour_5": 0.012254973578652725,
  "day_of_week_2": 0.010620986010981841,
  "hour_2": 0.0023681225967052792,
  "hour_4": 0.0022582255135409736,
  "hour_14": 0.0022582255135409437
}