{
  "site_id": 2820,
  "top_peak_intervals": [
    69,
    64,
    68,
    63,
    62,
    65
  ],
  "top_peak_times": [
    "17:15",
    "16:00",
    "17:00",
    "15:45",
    "15:30",
    "16:15"
  ],
  "peak_volumes": [
    241.29508196721312,
    238.95081967213116,
    238.14754098360655,
    236.78688524590163,
    234.44262295081967,
    232.40983606557376
  ],
  "total_samples": 5124
}