{
  "hour_0": 0.23643514443522276,
  "hour_8": 0.1397286211455965,
  "hour_12": NaN,
  "hour_21": 0.2311887860688029,
  "hour_of_day": 0.13534104611540157,
  "hour_2": 0.1326482253139078,
  "hour_15": 0.12366478340658406,
  "day_of_week_2": 0.11983434776345671,
  "hour_11": 0.11308618477893691,
  "is_peak_morning_0": 0.10775631039197055,
  "is_peak_morning_1": 0.10775631039197044,
  "hour_22": 0.10045538927768008,
  "hour_20": 0.09665411699831895,
  "hour_6": 0.09559549771551501,
  "hour_5": 0.08961457949527749,
  "hour_13": 0.08777964352211365,
  "hour_18": 0.06764207905271392,
  "hour_14": 0.06742765938513921,
  "day_of_week_6": 0.06606053763506382,
  "day_of_week_0": 0.06195491331185131,
  "hour_17": 0.05424506218510292,
  "is_peak_evening_0": 0.042961078802989446,
  "is_peak_evening_1": 0.042961078802989446,
  "is_weekend_0": 0.04274166110898819,
  "is_weekend_1": 0.04274166110898818,
  "day_of_week_3": 0.02631450296946321,
  "day_of_week_4": 0.02318606695052026,
  "hour_3": 0.01847762752863762,
  "hour_1": 0.01845866970855696,
  "hour_4": 0.016313493839333584,
  "day_of_week_1": 0.010315918771324522,
  "hour_19": 0.00996211237096685,
  "hour_9": 0.007229385644514486,
  "hour_10": 0.001963386718206408,
  "hour_7": 0.001963386718206407,
  "day_of_week_5": 0.0017964281371334676,
  "hour_16": 0.0005516640428760853,
  "hour_23": 0.000551664042876022
}