{
  "hour_1": 0.20819673806681302,
  "day_of_week_2": 0.18723067121560183,
  "hour_15": 0.17955270512476773,
  "hour_18": 0.17341399210098535,
  "hour_6": 0.17237486296928847,
  "hour_19": 0.1667388879539446,
  "day_of_week_4": 0.1471718112185906,
  "hour_10": 0.14046951288242643,
  "hour_11": 0.12203333246264594,
  "day_of_week_3": 0.11120759989865255,
  "hour_23": 0.10048515687110404,
  "hour_17": 0.09834299984947652,
  "hour_of_day": 0.09225143917075976,
  "is_peak_evening_1": 0.06920786268841767,
  "is_peak_evening_0": 0.06920786268841761,
  "hour_7": 0.06207232065214863,
  "hour_0": 0.05284936922050947,
  "hour_2": 0.04372711294410382,
  "hour_8": 0.03597337078880004,
  "is_peak_morning_0": 0.024610152683451795,
  "is_peak_morning_1": 0.024610152683451795,
  "hour_3": 0.024500442016628814,
  "hour_4": 0.024311112566186687,
  "hour_12": 0.022794283101821754,
  "hour_14": 0.021877442666135248,
  "day_of_week_0": 0.019163093334007387,
  "day_of_week_5": 0.014653600303077493,
  "hour_13": 0.009982362527176885,
  "hour_5": 0.009094483888238959,
  "day_of_week_6": 0.008537692823090155,
  "hour_22": 0.006408942129286329,
  "hour_16": 0.006278854201477697,
  "is_weekend_0": 0.005838635017824236,
  "is_weekend_1": 0.005838635017824236,
  "hour_21": 0.005350584713440877,
  "hour_9": 0.0035758497021868463,
  "day_of_week_1": 0.002140013276821884,
  "hour_20": 0.001430742432531803
}