{
  "hour_9": 0.2318704318377953,
  "hour_19": 0.21731781467657396,
  "hour_14": 0.18974010255175755,
  "hour_23": 0.1725490304315972,
  "hour_17": 0.14854977409747688,
  "hour_11": 0.14560625149316758,
  "hour_13": 0.13943961315666867,
  "hour_0": 0.12867176191841176,
  "hour_15": 0.12820095224164227,
  "day_of_week_4": 0.10888595817562419,
  "day_of_week_1": 0.1060656119137525,
  "hour_7": 0.10502695096759251,
  "hour_20": 0.10407814277356799,
  "hour_22": 0.09968729886594238,
  "day_of_week_0": 0.09843062729058741,
  "hour_4": 0.09749932756408654,
  "is_peak_evening_0": 0.08988996820582917,
  "is_peak_evening_1": 0.08988996820582917,
  "hour_of_day": 0.07638582637014954,
  "is_peak_morning_0": 0.06939593827465106,
  "is_peak_morning_1": 0.06939593827465106,
  "day_of_week_3": 0.06003341771399727,
  "hour_12": 0.05595908656646427,
  "hour_21": 0.04843770396344502,
  "hour_16": 0.046833142341467446,
  "hour_18": 0.045456690820179654,
  "hour_2": 0.040576755493186,
  "day_of_week_2": 0.04047742026893059,
  "hour_10": 0.038717822484963096,
  "hour_1": 0.03859183482424936,
  "hour_3": 0.031790377135428705,
  "hour_6": 0.021750782166645135,
  "hour_8": 0.017360426998851018,
  "day_of_week_5": 0.016176282764452786,
  "day_of_week_6": 0.012891050260404923,
  "hour_5": 0.005298340687756779,
  "is_weekend_1": 0.0010541984663409647,
  "is_weekend_0": 0.0010541984663409605
}