{
  "hour_3": 0.21061241119152338,
  "hour_10": 0.2006104109371671,
  "hour_17": 0.17741923249773145,
  "hour_12": 0.16839078723732645,
  "hour_4": 0.16515809790660407,
  "is_peak_evening_0": 0.15315361708457412,
  "is_peak_evening_1": 0.15315361708457403,
  "hour_1": 0.13700219827864396,
  "day_of_week_1": 0.1270182049365915,
  "hour_7": 0.12415308252947853,
  "hour_8": 0.11040669511538999,
  "hour_5": 0.10808572169829837,
  "hour_of_day": 0.07749399570855793,
  "day_of_week_0": 0.07164720644643739,
  "hour_14": 0.06734768606281813,
  "hour_22": 0.06546366202082092,
  "hour_0": 0.05913014356995646,
  "hour_11": 0.05863810810237272,
  "hour_18": 0.0512165746297442,
  "hour_15": 0.050713059645096224,
  "hour_13": 0.04554859266987766,
  "day_of_week_3": 0.042318784425862344,
  "hour_16": 0.04158318261592191,
  "hour_2": 0.04147192769534622,
  "hour_9": 0.03949065617668103,
  "is_peak_morning_0": 0.03307268171527618,
  "is_peak_morning_1": 0.03307268171527618,
  "hour_23": 0.030419606602097176,
  "day_of_week_2": 0.02871133260563281,
  "day_of_week_4": 0.01957144524573832,
  "hour_20": 0.017598875039697315,
  "is_weekend_0": 0.015580479253343502,
  "is_weekend_1": 0.015580479253343502,
  "day_of_week_6": 0.015085634354843606,
  "hour_6": 0.009989010031932036,
  "day_of_week_5": 0.004905459616431887,
  "hour_21": 0.000514536535184951,
  "hour_19": 0.0005145365351849156
}