{
  "hour_1": 0.22886972104093536,
  "hour_19": 0.1700449957193274,
  "hour_20": 0.16645070621158936,
  "hour_16": 0.15269576327294926,
  "is_peak_evening_0": 0.12850295857079963,
  "is_peak_evening_1": 0.12850295857079952,
  "day_of_week_0": 0.12610469797137946,
  "day_of_week_2": 0.12522246028835404,
  "hour_12": 0.11549982766790036,
  "hour_of_day": 0.11482685825653256,
  "day_of_week_6": 0.10235622977243639,
  "hour_22": 0.10132148777924678,
  "hour_18": 0.10016799213676304,
  "hour_6": 0.09880521571418131,
  "hour_21": 0.09538224886127605,
  "day_of_week_4": 0.0888909294093165,
  "hour_15": 0.08743096999951395,
  "day_of_week_3": 0.07676249340367894,
  "day_of_week_1": 0.07392394372453735,
  "hour_11": 0.07196923119921843,
  "hour_7": 0.05735917140095507,
  "hour_23": 0.05478437100580841,
  "hour_3": 0.05478437100580839,
  "hour_2": 0.05315036317460903,
  "hour_13": 0.05193842965485742,
  "hour_5": 0.05193842965485734,
  "is_weekend_1": 0.05151671875938145,
  "is_weekend_0": 0.05151671875938144,
  "day_of_week_5": 0.044072709486962604,
  "hour_10": 0.03987881502985992,
  "hour_8": 0.0366279556760657,
  "hour_9": 0.028632120681734246,
  "hour_0": 0.022056045469870944,
  "hour_17": 0.01560475370733648,
  "is_peak_morning_0": 0.009710773801017746,
  "is_peak_morning_1": 0.009710773801017746,
  "hour_4": 0.006263276399129374,
  "hour_14": 0.0021344560132133573
}