{
  "hour_3": NaN,
  "day_of_week_1": 0.3062357037332693,
  "day_of_week_0": 0.20467898069764584,
  "hour_15": 0.1871650805641107,
  "hour_9": 0.15351239969489242,
  "day_of_week_4": 0.14899729697102312,
  "hour_7": 0.13979614042134195,
  "hour_12": 0.13816376430986937,
  "is_peak_morning_0": 0.1292818080328064,
  "is_peak_morning_1": 0.12928180803280634,
  "hour_14": 0.09242720027857318,
  "hour_4": 0.08665050026116229,
  "hour_11": 0.0826052624336559,
  "hour_5": 0.08202914024723364,
  "hour_0": 0.0811844421463373,
  "hour_19": 0.0738040383148521,
  "hour_22": 0.07067302701754857,
  "hour_2": 0.06937579601596103,
  "hour_23": 0.05461498835299051,
  "day_of_week_2": 0.053465514134526375,
  "hour_21": 0.04934420153923913,
  "hour_13": 0.04575850375520831,
  "hour_17": 0.039230043335605654,
  "hour_18": 0.03837809992372307,
  "day_of_week_6": 0.036283851153230975,
  "hour_1": 0.03597150229006207,
  "hour_6": 0.02772816008357199,
  "hour_16": 0.018024614505548573,
  "hour_8": 0.017985751145031054,
  "hour_of_day": 0.017771384053807942,
  "day_of_week_5": 0.016367033541978257,
  "is_peak_evening_0": 0.015497250473775745,
  "is_peak_evening_1": 0.015497250473775745,
  "day_of_week_3": 0.014485642907671192,
  "is_weekend_1": 0.012757231343287791,
  "is_weekend_0": 0.01275723134328774,
  "hour_10": 0.01156467714832616,
  "hour_20": 0.00590432306518817
}