{
  "site_id": 4264,
  "top_peak_intervals": [
    71,
    69,
    70,
    68,
    33,
    34
  ],
  "top_peak_times": [
    "17:45",
    "17:15",
    "17:30",
    "17:00",
    "08:15",
    "08:30"
  ],
  "peak_volumes": [
    175.57391304347826,
    173.82608695652175,
    172.45217391304348,
    172.11304347826086,
    170.0,
    169.31304347826088
  ],
  "total_samples": 9660
}