{
  "hour_7": 0.20831066036539028,
  "hour_0": 0.19708702564742744,
  "hour_14": NaN,
  "hour_21": 0.16955170847269171,
  "hour_17": 0.1584278393966665,
  "hour_11": 0.15334818152160634,
  "hour_15": 0.1514060369783359,
  "hour_18": 0.14338291498670985,
  "hour_1": 0.14249956518655912,
  "hour_3": 0.13621073017601398,
  "is_peak_morning_1": 0.13208206021425326,
  "is_peak_morning_0": 0.13208206021425323,
  "hour_9": 0.12119807187553415,
  "hour_10": 0.10579985616230028,
  "hour_19": 0.1048322689005146,
  "is_weekend_0": 0.10133398817248158,
  "is_weekend_1": 0.10133398817248158,
  "day_of_week_5": 0.099414155245837,
  "day_of_week_3": 0.0983014240611061,
  "hour_12": 0.09323840253904742,
  "is_peak_evening_0": 0.08817966746154571,
  "is_peak_evening_1": 0.08817966746154568,
  "hour_of_day": 0.07597057532475504,
  "day_of_week_0": 0.07563980705395104,
  "day_of_week_2": 0.07435274416223207,
  "hour_6": 0.0724859493015864,
  "day_of_week_4": 0.05680375470149906,
  "hour_13": 0.0502418065454618,
  "hour_2": 0.04868563326547438,
  "hour_20": 0.04203463157822559,
  "day_of_week_6": 0.03596872177399265,
  "hour_22": 0.03070091376632799,
  "hour_23": 0.02637905260883093,
  "hour_5": 0.025153305195113024,
  "hour_16": 0.02310167768555374,
  "day_of_week_1": 0.0026314767486808346,
  "hour_4": 0.002342620534089698,
  "hour_8": 0.0013665286448856736
}