{
  "hour_of_day": 0.20139752515310522,
  "hour_20": 0.17794552876960618,
  "hour_19": 0.17051579847012877,
  "hour_17": 0.1586775121892603,
  "hour_2": 0.15383361714752258,
  "day_of_week_5": 0.1390321375437651,
  "is_weekend_0": 0.13772060831136318,
  "is_weekend_1": 0.13772060831136315,
  "hour_22": 0.13466204578454866,
  "day_of_week_2": 0.1323964171302791,
  "hour_3": 0.12794024921086883,
  "hour_1": 0.12785853280596632,
  "is_peak_evening_1": 0.12613878132561293,
  "is_peak_evening_0": 0.12613878132561288,
  "day_of_week_0": 0.09211731648049577,
  "day_of_week_3": 0.09018484338195307,
  "hour_18": 0.0896598793625012,
  "hour_5": 0.08457710956311665,
  "hour_11": 0.07772149719943067,
  "hour_14": 0.0768062036161004,
  "hour_13": 0.06645408772966328,
  "hour_15": 0.047332532529762925,
  "is_peak_morning_0": 0.045000667773690564,
  "is_peak_morning_1": 0.045000667773690564,
  "hour_4": 0.04446184475048631,
  "day_of_week_6": 0.04292182375243568,
  "hour_23": 0.03882362425430866,
  "day_of_week_1": 0.0386906273938178,
  "hour_7": 0.0350862776966775,
  "hour_8": 0.02756241543148576,
  "hour_9": 0.026591801024562472,
  "hour_0": 0.025256579751286652,
  "hour_10": 0.020280008737623846,
  "day_of_week_4": 0.020095535753587378,
  "hour_12": 0.0150728040712675,
  "hour_16": 0.008128673452769337,
  "hour_6": 0.005040987717678474,
  "hour_21": 0.001228897503314645
}