{
  "site_id": 4051,
  "top_peak_intervals": [
    69,
    35,
    70,
    71,
    68,
    61
  ],
  "top_peak_times": [
    "17:15",
    "08:45",
    "17:30",
    "17:45",
    "17:00",
    "15:15"
  ],
  "peak_volumes": [
    93.47311827956989,
    92.93548387096774,
    89.81720430107526,
    89.3225806451613,
    88.79569892473118,
    88.64516129032258
  ],
  "total_samples": 7812
}