{
  "day_of_week_2": 0.22071946069572176,
  "hour_13": 0.18655052647855147,
  "day_of_week_5": 0.15471327122513243,
  "hour_22": 0.1474294329827486,
  "hour_17": 0.1464081681495444,
  "is_weekend_0": 0.1433293667110134,
  "is_weekend_1": 0.1433293667110134,
  "hour_0": 0.12380993586782403,
  "hour_3": 0.10197396834263471,
  "hour_23": 0.10084542304714077,
  "hour_8": 0.0890940241483286,
  "hour_12": 0.08826421221935067,
  "hour_1": 0.08774047612157133,
  "is_peak_evening_0": 0.08768330515370389,
  "is_peak_evening_1": 0.08768330515370386,
  "hour_4": 0.07599517227648413,
  "hour_2": 0.06959434792671094,
  "hour_19": 0.06447404965120404,
  "hour_10": 0.06376102517355314,
  "day_of_week_3": 0.06327705481899648,
  "day_of_week_4": 0.061808506443763074,
  "day_of_week_0": 0.05952336604763975,
  "hour_7": 0.05826805940992132,
  "day_of_week_1": 0.046670588370848656,
  "hour_16": 0.04189449457011577,
  "hour_20": 0.04139141382561473,
  "hour_15": 0.03290797754458008,
  "hour_21": 0.0322194951764309,
  "hour_9": 0.03216126074067187,
  "day_of_week_6": 0.029348835815108994,
  "hour_6": 0.02278137255120188,
  "is_peak_morning_0": 0.022023132961119633,
  "is_peak_morning_1": 0.02202313296111963,
  "hour_11": 0.01836975238541502,
  "hour_of_day": 0.0061638995444828655,
  "hour_14": 0.002198141221208786,
  "hour_18": 0.0005106324166018724,
  "hour_5": 0.0003852139283136607
}