{
  "is_peak_morning_0": 0.22392437304626645,
  "is_peak_morning_1": 0.22392437304626645,
  "hour_7": 0.20850387589326067,
  "hour_2": 0.20215749413840498,
  "day_of_week_5": 0.19941386056334548,
  "hour_22": 0.1902089164997782,
  "hour_16": 0.1872710463505165,
  "hour_9": 0.1773767806526458,
  "hour_0": 0.1685720910162539,
  "hour_11": 0.15992507590054567,
  "hour_4": 0.1555975797802598,
  "day_of_week_4": 0.14607919166432182,
  "hour_18": 0.1415257642745431,
  "hour_6": 0.13691709126597504,
  "hour_17": 0.1351773853382192,
  "is_weekend_0": 0.1263365690117217,
  "is_weekend_1": 0.1263365690117217,
  "hour_3": 0.11757944559612944,
  "hour_14": 0.10640875993960265,
  "hour_12": 0.09560685131392985,
  "hour_23": 0.08753845188845946,
  "hour_19": 0.08695072798730918,
  "hour_5": 0.08568200421356609,
  "hour_8": 0.08353813635516946,
  "day_of_week_2": 0.08274010305857635,
  "hour_21": 0.0819666890949142,
  "hour_13": 0.07897948772969005,
  "day_of_week_1": 0.06588399751615533,
  "hour_1": 0.059555712671655235,
  "hour_20": 0.04527451429632697,
  "day_of_week_6": 0.039996451063262786,
  "hour_15": 0.03959775173161098,
  "hour_10": 0.03684304879421017,
  "hour_of_day": 0.028234656958962292,
  "is_peak_evening_1": 0.01449178799788489,
  "is_peak_evening_0": 0.014491787997884854,
  "day_of_week_0": 0.012523575784171454,
  "day_of_week_3": 0.00105092943643396
}