{
  "site_id": 4273,
  "top_peak_intervals": [
    33,
    34,
    32,
    69,
    31,
    35
  ],
  "top_peak_times": [
    "08:15",
    "08:30",
    "08:00",
    "17:15",
    "07:45",
    "08:45"
  ],
  "peak_volumes": [
    228.61290322580646,
    224.3709677419355,
    222.2258064516129,
    222.17741935483872,
    218.88709677419354,
    217.9516129032258
  ],
  "total_samples": 5208
}