{
  "hour_3": 0.18004960882707727,
  "day_of_week_3": 0.1719488966999297,
  "hour_7": 0.1616143658916407,
  "hour_14": 0.14907517958105015,
  "hour_of_day": 0.13164516493193787,
  "day_of_week_0": 0.12701415651821993,
  "hour_16": 0.12585401216586173,
  "hour_15": 0.12166200112666467,
  "hour_21": 0.12101056701560622,
  "hour_11": 0.11179023618886083,
  "is_peak_morning_0": 0.1092797762293805,
  "is_peak_morning_1": 0.10927977622938047,
  "hour_20": 0.10333091611685166,
  "is_peak_evening_0": 0.0980889957619162,
  "is_peak_evening_1": 0.09808899576191615,
  "hour_12": 0.08950933437451139,
  "hour_13": 0.08528320904993583,
  "day_of_week_6": 0.08434407008891914,
  "hour_4": 0.07856985051898178,
  "hour_22": 0.0779494137955726,
  "hour_6": 0.06258890461299116,
  "hour_9": 0.061899135217372885,
  "hour_2": 0.060579606993314765,
  "day_of_week_4": 0.0604759691873755,
  "hour_0": 0.05021777237047147,
  "day_of_week_1": 0.049693936172307,
  "day_of_week_5": 0.04433381606490197,
  "is_weekend_0": 0.04360900191146586,
  "is_weekend_1": 0.043609001911465856,
  "hour_10": 0.04271977539833469,
  "hour_19": 0.02873715501159847,
  "hour_8": 0.02220218862967039,
  "hour_1": 0.017815983464150344,
  "hour_17": 0.017158081563701657,
  "hour_18": 0.01698902380479389,
  "hour_23": 0.016375769275432665,
  "day_of_week_2": 0.01204042247054017,
  "hour_5": 0.005973749256074053
}