{
  "hour_7": 0.17524846468552102,
  "hour_6": 0.1740677253267148,
  "hour_9": 0.17087627044305947,
  "is_peak_morning_0": 0.16983606267332646,
  "is_peak_morning_1": 0.1698360626733264,
  "hour_12": 0.1519771359919546,
  "hour_2": 0.12569646231255246,
  "day_of_week_0": 0.11823999642676945,
  "hour_21": 0.10748096587727352,
  "hour_20": 0.09430992233492833,
  "hour_19": 0.09374781673235133,
  "hour_14": 0.08589901899769657,
  "hour_17": 0.08373406214751206,
  "hour_5": 0.07890404452378481,
  "hour_0": 0.07414306713316428,
  "hour_23": 0.07397608694770047,
  "hour_18": 0.07051739973569174,
  "hour_3": 0.07014170998632398,
  "day_of_week_2": 0.06395433594056132,
  "is_peak_evening_0": 0.05986299717850182,
  "is_peak_evening_1": 0.05986299717850182,
  "day_of_week_5": 0.05850152729604811,
  "hour_4": 0.058416154895173725,
  "hour_8": 0.05312058384528954,
  "day_of_week_1": 0.05162684000429372,
  "hour_1": 0.05111082135039317,
  "hour_of_day": 0.04690155656031889,
  "hour_22": 0.042205534982009095,
  "day_of_week_6": 0.04124698041842,
  "hour_13": 0.03448200424552202,
  "day_of_week_3": 0.024384123776726756,
  "hour_11": 0.02297887336139236,
  "hour_15": 0.01911129328512894,
  "is_weekend_0": 0.013229161776025835,
  "is_weekend_1": 0.013229161776025835,
  "hour_16": 0.013011568004483432,
  "day_of_week_4": 0.01111157441736948,
  "hour_10": 0.0054502929665280805
}