{
  "hour_18": 0.24595575249523552,
  "hour_2": 0.1978066903981399,
  "hour_7": 0.19213822287831583,
  "hour_3": 0.19019800916347732,
  "hour_16": 0.15425520457756908,
  "day_of_week_2": 0.13777762362616078,
  "hour_12": 0.13354698795157396,
  "is_peak_morning_1": 0.12128001165103795,
  "is_peak_morning_0": 0.12128001165103791,
  "hour_19": 0.12123774949451814,
  "hour_14": 0.11224240035345817,
  "is_peak_evening_1": 0.1112341359321971,
  "is_peak_evening_0": 0.11123413593219703,
  "hour_15": 0.11118263368832111,
  "hour_10": 0.10926576224060702,
  "hour_6": 0.10798304932054509,
  "day_of_week_1": 0.10552548924149262,
  "day_of_week_4": 0.0818584628486174,
  "hour_20": 0.07703878994079966,
  "hour_22": 0.06903133364799825,
  "hour_of_day": 0.06785567987633168,
  "day_of_week_0": 0.06717766762988979,
  "hour_17": 0.06055819416231267,
  "hour_9": 0.050641566121742254,
  "day_of_week_3": 0.04902682071597756,
  "hour_23": 0.037692769577363706,
  "hour_8": 0.02423364973240023,
  "day_of_week_5": 0.02286522196373558,
  "is_weekend_1": 0.01914850774902969,
  "is_weekend_0": 0.019148507749029663,
  "hour_5": 0.012345085303239994,
  "hour_11": 0.006812005316628329,
  "hour_4": 0.006178400564964842,
  "hour_21": 0.00617840056496482,
  "day_of_week_6": 0.0028422014626629535
}