{
  "day_of_week_0": 0.24057965780622417,
  "hour_21": 0.18948881427440795,
  "hour_15": 0.16677181021641058,
  "day_of_week_2": 0.15678491336602898,
  "day_of_week_1": 0.15195487067654062,
  "hour_16": 0.149189671604669,
  "hour_19": 0.131113471148306,
  "day_of_week_4": 0.13063817968644875,
  "hour_2": 0.12005166242898811,
  "hour_5": 0.11894120398454246,
  "is_peak_morning_0": 0.11757289918950699,
  "is_peak_morning_1": 0.11757289918950699,
  "hour_4": 0.11018230308640437,
  "hour_7": 0.1050604734289755,
  "hour_3": 0.09476738122085773,
  "is_weekend_0": 0.09357774918144358,
  "is_weekend_1": 0.09357774918144358,
  "is_peak_evening_1": 0.09013900718967334,
  "is_peak_evening_0": 0.09013900718967331,
  "day_of_week_5": 0.08883325458371504,
  "hour_of_day": 0.08451480641040848,
  "hour_10": 0.08285130454006835,
  "hour_1": 0.07927562834895431,
  "hour_8": 0.06799960191501678,
  "hour_22": 0.06597576988430673,
  "hour_0": 0.05532232309307054,
  "hour_18": 0.04980340634331953,
  "hour_14": 0.04928139859049743,
  "hour_13": 0.042997971936157835,
  "day_of_week_3": 0.034347022682947995,
  "day_of_week_6": 0.03000035006487659,
  "hour_9": 0.01834760583067165,
  "hour_12": 0.01689758429505485,
  "hour_23": 0.0168183338861102,
  "hour_11": 0.01658865748116488,
  "hour_20": 0.014471589622932018,
  "hour_17": 0.009691184642383926,
  "hour_6": 0.004163703125920534
}