{
  "site_id": 970,
  "top_peak_intervals": [
    70,
    69,
    71,
    68,
    65,
    66
  ],
  "top_peak_times": [
    "17:30",
    "17:15",
    "17:45",
    "17:00",
    "16:15",
    "16:30"
  ],
  "peak_volumes": [
    294.8943089430894,
    291.7642276422764,
    289.1219512195122,
    280.1951219512195,
    279.4552845528455,
    278.390243902439
  ],
  "total_samples": 10332
}