{
  "site_id": 4032,
  "top_peak_intervals": [
    69,
    71,
    70,
    33,
    72,
    32
  ],
  "top_peak_times": [
    "17:15",
    "17:45",
    "17:30",
    "08:15",
    "18:00",
    "08:00"
  ],
  "peak_volumes": [
    201.56451612903226,
    199.7258064516129,
    199.70967741935485,
    193.66129032258064,
    193.07258064516128,
    188.79032258064515
  ],
  "total_samples": 10416
}