{
  "site_id": 4812,
  "top_peak_intervals": [
    69,
    70,
    71,
    72,
    73,
    68
  ],
  "top_peak_times": [
    "17:15",
    "17:30",
    "17:45",
    "18:00",
    "18:15",
    "17:00"
  ],
  "peak_volumes": [
    184.71794871794873,
    183.62820512820514,
    182.67948717948718,
    178.75641025641025,
    169.0897435897436,
    166.35897435897436
  ],
  "total_samples": 6552
}