{
  "hour_19": 0.17729190847834891,
  "hour_10": 0.15940429595592456,
  "hour_15": 0.1522096606752076,
  "hour_0": 0.1472381519129305,
  "hour_20": 0.12773467802346516,
  "day_of_week_6": 0.1228720412701895,
  "day_of_week_1": 0.11880913080673694,
  "hour_18": 0.11324475079494245,
  "hour_13": 0.10773281177660804,
  "hour_14": 0.08915105939153428,
  "hour_5": 0.08697694895726159,
  "day_of_week_5": 0.08616448430049976,
  "hour_of_day": 0.07245201258322842,
  "hour_22": 0.06985477834361938,
  "day_of_week_4": 0.06973300326224675,
  "day_of_week_2": 0.06457728679220569,
  "day_of_week_3": 0.05847981109699423,
  "is_weekend_0": 0.05843029091627629,
  "is_weekend_1": 0.05843029091627629,
  "hour_16": 0.04843034657847513,
  "hour_3": 0.04063560814956817,
  "hour_6": 0.038254447463137574,
  "hour_12": 0.03748528158656647,
  "is_peak_evening_0": 0.03738655481809874,
  "is_peak_evening_1": 0.03738655481809874,
  "hour_4": 0.03459970293665778,
  "hour_21": 0.02735412440100797,
  "day_of_week_0": 0.02068062200469089,
  "hour_9": 0.01482561629953321,
  "hour_7": 0.014395496842259062,
  "hour_1": 0.013411041926732151,
  "hour_8": 0.008574272707254943,
  "hour_2": 0.008308718128976733,
  "hour_23": 0.006818919556859547,
  "hour_17": 0.00624754693109438,
  "is_peak_morning_0": 0.003039347155667609,
  "is_peak_morning_1": 0.003039347155667539,
  "hour_11": 0.002902543439254847
}