{
  "hour_3": 0.25589388111795036,
  "hour_6": NaN,
  "hour_21": 0.1825408291611468,
  "day_of_week_2": 0.16711403969409122,
  "day_of_week_0": 0.14317860705835897,
  "hour_0": 0.13904544579252356,
  "hour_12": 0.13892792195699727,
  "hour_5": 0.1097797730999824,
  "day_of_week_5": 0.10797075286368063,
  "day_of_week_3": 0.1063258398747139,
  "hour_20": 0.09991244316969859,
  "hour_11": 0.09426547136301024,
  "hour_18": 0.09026654574766771,
  "hour_13": 0.0718082154342562,
  "day_of_week_1": 0.07058482821216192,
  "day_of_week_6": 0.0640120575973027,
  "hour_4": 0.05661459519239563,
  "hour_10": 0.05598768428099096,
  "hour_2": 0.05290676129579399,
  "hour_14": 0.04610750470199252,
  "hour_9": 0.041619904326768944,
  "is_weekend_0": 0.03616454008470361,
  "is_weekend_1": 0.03616454008470361,
  "day_of_week_4": 0.03514209151117629,
  "hour_8": 0.034031729660994464,
  "hour_22": 0.03303682974702646,
  "hour_of_day": 0.030088837549052668,
  "hour_17": 0.02442959906526241,
  "hour_7": 0.022192921315419133,
  "hour_19": 0.01976035915799682,
  "hour_16": 0.012075775040998056,
  "is_peak_evening_0": 0.010335909267993056,
  "is_peak_evening_1": 0.010335909267993026,
  "hour_1": 0.009987878760728906,
  "hour_23": 0.006662617926889745,
  "is_peak_morning_1": 0.0046610100883401956,
  "is_peak_morning_0": 0.004661010088340182,
  "hour_15": 0.0031704173307740874
}