{
  "site_id": 4272,
  "top_peak_intervals": [
    70,
    69,
    71,
    68,
    33,
    32
  ],
  "top_peak_times": [
    "17:30",
    "17:15",
    "17:45",
    "17:00",
    "08:15",
    "08:00"
  ],
  "peak_volumes": [
    162.61111111111111,
    162.16666666666666,
    159.93333333333334,
    155.4777777777778,
    154.54444444444445,
    153.6888888888889
  ],
  "total_samples": 7560
}