{
  "site_id": 3120,
  "top_peak_intervals": [
    69,
    33,
    70,
    32,
    34,
    71
  ],
  "top_peak_times": [
    "17:15",
    "08:15",
    "17:30",
    "08:00",
    "08:30",
    "17:45"
  ],
  "peak_volumes": [
    193.41935483870967,
    192.58870967741936,
    191.11290322580646,
    189.81451612903226,
    189.3790322580645,
    185.75806451612902
  ],
  "total_samples": 10416
}