{
  "site_id": 3122,
  "top_peak_intervals": [
    69,
    70,
    71,
    68,
    72,
    66
  ],
  "top_peak_times": [
    "17:15",
    "17:30",
    "17:45",
    "17:00",
    "18:00",
    "16:30"
  ],
  "peak_volumes": [
    243.93548387096774,
    238.21505376344086,
    237.27956989247312,
    232.7311827956989,
    230.74193548387098,
    227.44086021505376
  ],
  "total_samples": 7812
}