{
  "hour_10": 0.2417555903535919,
  "hour_14": 0.19268768669395012,
  "hour_13": 0.1799774508179266,
  "hour_16": 0.1341013863023343,
  "hour_5": 0.13385143399818897,
  "hour_8": 0.1255972954203039,
  "hour_20": 0.12074895226112037,
  "hour_12": 0.11938006690670178,
  "hour_of_day": 0.11689909924957613,
  "day_of_week_1": 0.11212596701201631,
  "hour_6": 0.10639717810921759,
  "hour_18": 0.0959949035225565,
  "hour_15": 0.0898807990515107,
  "day_of_week_3": 0.08834864268712457,
  "hour_0": 0.08821156925187425,
  "is_peak_morning_1": 0.08588609687144352,
  "is_peak_morning_0": 0.08588609687144347,
  "hour_19": 0.0840703231532311,
  "hour_2": 0.08201241378641676,
  "hour_11": 0.07885218179991704,
  "is_peak_evening_0": 0.07282640051084399,
  "is_peak_evening_1": 0.07282640051084395,
  "hour_22": 0.06607789711358336,
  "hour_17": 0.05832303388264944,
  "hour_9": 0.05256805899933671,
  "day_of_week_6": 0.04940922039891126,
  "hour_1": 0.042852848568962223,
  "day_of_week_4": 0.04247995112928919,
  "is_weekend_1": 0.039377646200906696,
  "is_weekend_0": 0.03937764620090669,
  "hour_21": 0.03134257222502491,
  "hour_3": 0.023587708994090916,
  "hour_7": 0.019334662546946043,
  "hour_4": 0.010537110903337274,
  "day_of_week_0": 0.009966350582163108,
  "hour_23": 0.009855138689311973,
  "day_of_week_2": 0.005490618870116383,
  "day_of_week_5": 0.00360469299465397
}