{
  "hour_12": 0.21691803588818648,
  "hour_11": 0.19316644425229362,
  "hour_23": 0.188003169661816,
  "hour_of_day": 0.16904193345499569,
  "hour_1": 0.15170379203921136,
  "hour_15": 0.13548788733876402,
  "hour_6": 0.12921825045942664,
  "hour_14": 0.12705724042478436,
  "hour_10": 0.10999940861480226,
  "day_of_week_2": 0.09996585439989444,
  "day_of_week_4": 0.08207290149115713,
  "hour_0": 0.07545541384287943,
  "day_of_week_6": 0.07346012183744517,
  "hour_21": 0.061290487679090566,
  "hour_9": 0.060380998323413405,
  "hour_20": 0.05421466049192152,
  "day_of_week_5": 0.05385618099316144,
  "hour_8": 0.045659980864387266,
  "hour_4": 0.04558642427896837,
  "hour_17": 0.04260743180674,
  "hour_2": 0.038753341445408075,
  "hour_7": 0.03513381911325476,
  "hour_19": 0.03463220590447095,
  "is_weekend_0": 0.02319797201344776,
  "is_weekend_1": 0.02319797201344776,
  "hour_16": 0.022182445384968417,
  "is_peak_evening_0": 0.02213510284444484,
  "is_peak_evening_1": 0.02213510284444484,
  "hour_22": 0.022068062656112816,
  "hour_3": 0.013586467354598787,
  "is_peak_morning_0": 0.00983096754470328,
  "is_peak_morning_1": 0.00983096754470328,
  "hour_5": 0.009089089731284411,
  "day_of_week_0": 0.007700000559096133,
  "hour_18": 0.007469232460847941,
  "hour_13": 0.004022034190344525,
  "day_of_week_1": 0.001692765967096702,
  "day_of_week_3": 0.00106567503652111
}