{
  "hour_5": 0.17748399738675247,
  "hour_6": 0.16823040002560793,
  "hour_2": 0.16213916928305216,
  "day_of_week_5": 0.15407641568922542,
  "hour_19": 0.1528077377570337,
  "hour_21": 0.13019241594726294,
  "hour_9": 0.12666728989612944,
  "hour_4": 0.10878087126044315,
  "day_of_week_1": 0.100336644732688,
  "is_weekend_0": 0.09497078045108268,
  "is_weekend_1": 0.09497078045108268,
  "hour_15": 0.09287900633978904,
  "hour_23": 0.09188618732439396,
  "hour_14": 0.08298571042604808,
  "hour_20": 0.08063721138704548,
  "hour_1": 0.06906232431278243,
  "hour_0": 0.06855214384546399,
  "hour_18": 0.06723851966791387,
  "hour_13": 0.05720734610384132,
  "day_of_week_2": 0.046212687002591936,
  "hour_12": 0.04442289489585742,
  "is_peak_morning_0": 0.04160282992275689,
  "is_peak_morning_1": 0.04160282992275689,
  "day_of_week_4": 0.04156836375221504,
  "hour_7": 0.036735065007483386,
  "hour_16": 0.02072943793525193,
  "hour_8": 0.02064331414922319,
  "hour_22": 0.019154946537569224,
  "hour_3": 0.016658585585946496,
  "hour_of_day": 0.01650229670789465,
  "day_of_week_0": 0.013024863382580699,
  "hour_17": 0.012985881630139523,
  "hour_11": 0.010019294229228733,
  "is_peak_evening_1": 0.007238564701675673,
  "is_peak_evening_0": 0.007238564701675657,
  "day_of_week_3": 0.0030208878827876124,
  "day_of_week_6": 0.002104727278593165,
  "hour_10": 0.0016656475250060448
}