{
  "hour_4": 0.23896450120179386,
  "day_of_week_0": 0.18731160100989147,
  "hour_0": 0.16351500901486565,
  "hour_of_day": 0.16002671555642262,
  "hour_23": 0.14972484322343046,
  "hour_18": 0.14668080032287345,
  "hour_13": 0.1455604719541535,
  "is_peak_evening_1": 0.10288866738619194,
  "is_peak_evening_0": 0.10288866738619189,
  "day_of_week_3": 0.10013797830000505,
  "hour_17": 0.09665342254996821,
  "hour_5": 0.09391792250889021,
  "hour_14": 0.09311254782504942,
  "hour_12": 0.09142859699151247,
  "hour_8": 0.09012682071772717,
  "hour_10": 0.08858496310879242,
  "hour_7": 0.07484387363384809,
  "hour_20": 0.07322853823167866,
  "hour_19": 0.06716343565487534,
  "is_weekend_0": 0.061397110010539976,
  "is_weekend_1": 0.061397110010539976,
  "hour_2": 0.05897773154063018,
  "day_of_week_1": 0.0548553637399024,
  "day_of_week_6": 0.04983399242767924,
  "is_peak_morning_0": 0.046575504095883916,
  "is_peak_morning_1": 0.04657550409588388,
  "day_of_week_2": 0.04625630475037058,
  "hour_11": 0.045340501591820646,
  "hour_1": 0.041320044276040344,
  "hour_22": 0.037137768270431123,
  "hour_16": 0.03542199774757149,
  "hour_9": 0.03460703626876131,
  "day_of_week_4": 0.029769163454869425,
  "day_of_week_5": 0.02905945187823756,
  "hour_15": 0.024667821659480463,
  "hour_6": 0.0167763790815333,
  "hour_3": 0.015064139380038522,
  "hour_21": 0.00809622057274374
}