{
  "day_of_week_5": 0.2454604459990989,
  "hour_21": 0.18351680106335133,
  "is_peak_evening_0": 0.17125646731977692,
  "is_peak_evening_1": 0.17125646731977692,
  "hour_11": 0.14624433775477785,
  "hour_7": 0.14362751021663472,
  "hour_16": 0.1431372527209589,
  "is_weekend_0": 0.1402458069927494,
  "is_weekend_1": 0.1402458069927494,
  "hour_6": 0.12612656997818597,
  "hour_1": 0.11919680903969829,
  "hour_22": 0.11791339486059954,
  "hour_2": 0.10929629102513859,
  "hour_3": 0.10056079051149683,
  "hour_10": 0.09263728750789572,
  "hour_17": 0.09259631606051993,
  "hour_5": 0.07819894674571712,
  "day_of_week_0": 0.07310575669947147,
  "day_of_week_4": 0.061787766702901335,
  "day_of_week_3": 0.05547124691591598,
  "hour_15": 0.04992668399155369,
  "is_peak_morning_1": 0.04792972503930106,
  "is_peak_morning_0": 0.04792972503930105,
  "day_of_week_1": 0.04551344348737422,
  "hour_14": 0.04256987775481937,
  "hour_13": 0.039419914585155966,
  "hour_8": 0.03615006995870339,
  "hour_20": 0.031708626493165804,
  "hour_23": 0.02967962446099552,
  "day_of_week_2": 0.02912681642096291,
  "hour_of_day": 0.02053871348719578,
  "hour_12": 0.020212439624952307,
  "hour_9": 0.01884560251616397,
  "hour_0": 0.01656439279714109,
  "day_of_week_6": 0.015609749459872388,
  "hour_18": 0.011942732656693973,
  "hour_4": 0.007597415830924713,
  "hour_19": 0.002101438945355099
}