{
  "hour_12": 0.18469890026994848,
  "hour_11": 0.17974082493862245,
  "hour_7": 0.1726852626990848,
  "day_of_week_0": 0.15428861889595544,
  "hour_19": 0.150266652769007,
  "hour_21": 0.14789037013707734,
  "hour_20": 0.14475323450305042,
  "hour_15": 0.12935674180305481,
  "hour_2": 0.11970714927441985,
  "hour_22": 0.11667371354563708,
  "hour_8": 0.1138927252601506,
  "hour_of_day": 0.11131331724360909,
  "hour_18": 0.10716217112246057,
  "hour_9": 0.10184179202536481,
  "day_of_week_6": 0.09897755876024189,
  "hour_10": 0.09129653113682927,
  "hour_3": 0.09004345071093152,
  "hour_17": 0.07971318810575065,
  "hour_14": 0.0794492726525428,
  "day_of_week_1": 0.0707058058121233,
  "is_peak_evening_1": 0.06879527509301722,
  "is_peak_evening_0": 0.06879527509301717,
  "hour_6": 0.06196127175075844,
  "day_of_week_5": 0.06136400656310475,
  "hour_13": 0.059087860744140186,
  "day_of_week_4": 0.057324245310980224,
  "day_of_week_3": 0.05385868335894942,
  "day_of_week_2": 0.04962299652868961,
  "hour_1": 0.03490993606594472,
  "hour_0": 0.033555293303603045,
  "hour_23": 0.03278287455966528,
  "is_peak_morning_0": 0.026904312620932333,
  "is_peak_morning_1": 0.026904312620932288,
  "is_weekend_0": 0.02153119625340787,
  "is_weekend_1": 0.02153119625340787,
  "hour_4": 0.011480222288476997,
  "hour_16": 0.0017586335576925047,
  "hour_5": 0.0010664805912111715
}