{
  "hour_19": 0.18889201390540383,
  "hour_17": 0.15110764318502087,
  "day_of_week_4": 0.14502795797377555,
  "day_of_week_1": 0.13886584703048904,
  "hour_21": 0.13798299197894545,
  "hour_7": 0.1328139906976192,
  "is_peak_evening_0": 0.13211665463628514,
  "is_peak_evening_1": 0.13211665463628514,
  "hour_23": 0.11876956863745355,
  "hour_9": 0.11722458551906068,
  "hour_12": 0.11670553112789107,
  "hour_22": 0.09685838439069064,
  "day_of_week_6": 0.09393746998815383,
  "hour_3": 0.08471478754694092,
  "hour_8": 0.08243908937183163,
  "day_of_week_0": 0.08095630300846246,
  "hour_11": 0.07777163288328087,
  "hour_10": 0.07517103752877621,
  "is_weekend_0": 0.07455163604569194,
  "is_weekend_1": 0.07455163604569194,
  "day_of_week_3": 0.07359195681469494,
  "day_of_week_2": 0.07157769476713625,
  "hour_5": 0.06644937531710944,
  "hour_20": 0.061863566476623534,
  "hour_15": 0.046538045379955234,
  "hour_1": 0.044568100186724385,
  "is_peak_morning_1": 0.0299400635788874,
  "is_peak_morning_0": 0.029940063578887392,
  "hour_13": 0.027609691851712255,
  "hour_4": 0.021937671689469602,
  "hour_of_day": 0.021729077822562313,
  "hour_14": 0.020283983239212978,
  "hour_6": 0.01941414044285665,
  "hour_2": 0.018241794389197992,
  "day_of_week_5": 0.007202590842094744,
  "hour_18": 0.002153473664702971,
  "hour_16": 0.00031233587503326835,
  "hour_0": 6.783515053516993e-05
}