{
  "is_peak_morning_0": 0.20073035025688118,
  "is_peak_morning_1": 0.20073035025688118,
  "day_of_week_4": 0.19928952039104023,
  "hour_1": 0.18739574571613182,
  "hour_8": 0.16879118598553147,
  "day_of_week_2": 0.16572594358850218,
  "hour_17": 0.14846115999597445,
  "day_of_week_6": 0.140394638503283,
  "is_weekend_0": 0.13710458176858956,
  "is_weekend_1": 0.13710458176858956,
  "hour_15": 0.1219233136823017,
  "hour_13": 0.1215066110149346,
  "hour_16": 0.1209118816192994,
  "hour_21": 0.11987958801594223,
  "hour_7": 0.11974167595656282,
  "hour_20": 0.11859844819299059,
  "hour_4": 0.11631199266584606,
  "day_of_week_1": 0.10573915036642965,
  "hour_6": 0.103530359314861,
  "hour_10": 0.10311107226109913,
  "hour_0": 0.09566785140835295,
  "hour_12": 0.07923480931398509,
  "hour_2": 0.07683015981308743,
  "hour_14": 0.06889090503286693,
  "hour_22": 0.06097326637397151,
  "hour_3": 0.056329453245717795,
  "hour_5": 0.04348952458782816,
  "hour_9": 0.03596633267832515,
  "day_of_week_0": 0.03532811180120199,
  "is_peak_evening_0": 0.0333197529819251,
  "is_peak_evening_1": 0.0333197529819251,
  "hour_18": 0.02560993836727655,
  "day_of_week_5": 0.021518536070348208,
  "hour_23": 0.020734950099393985,
  "hour_of_day": 0.010351018924961783,
  "day_of_week_3": 0.008584414421022285,
  "hour_19": 0.006562127362905017,
  "hour_11": 0.0034807623175170865
}