{
  "site_id": 4030,
  "top_peak_intervals": [
    69,
    71,
    70,
    72,
    68,
    66
  ],
  "top_peak_times": [
    "17:15",
    "17:45",
    "17:30",
    "18:00",
    "17:00",
    "16:30"
  ],
  "peak_volumes": [
    170.63440860215053,
    167.74193548387098,
    166.9247311827957,
    166.3763440860215,
    161.91397849462365,
    157.4731182795699
  ],
  "total_samples": 7812
}