{
  "site_id": 4263,
  "top_peak_intervals": [
    70,
    71,
    69,
    72,
    68,
    67
  ],
  "top_peak_times": [
    "17:30",
    "17:45",
    "17:15",
    "18:00",
    "17:00",
    "16:45"
  ],
  "peak_volumes": [
    202.70192307692307,
    202.33653846153845,
    201.6346153846154,
    197.0096153846154,
    196.26923076923077,
    191.93269230769232
  ],
  "total_samples": 8736
}