{
  "site_id": 4262,
  "top_peak_intervals": [
    71,
    69,
    70,
    72,
    68,
    73
  ],
  "top_peak_times": [
    "17:45",
    "17:15",
    "17:30",
    "18:00",
    "17:00",
    "18:15"
  ],
  "peak_volumes": [
    317.7307692307692,
    313.38461538461536,
    298.65384615384613,
    297.88461538461536,
    287.6923076923077,
    284.53846153846155
  ],
  "total_samples": 2184
}