{
  "site_id": 4335,
  "top_peak_intervals": [
    71,
    70,
    72,
    69,
    68,
    63
  ],
  "top_peak_times": [
    "17:45",
    "17:30",
    "18:00",
    "17:15",
    "17:00",
    "15:45"
  ],
  "peak_volumes": [
    207.0483870967742,
    204.5,
    203.53225806451613,
    203.03225806451613,
    199.58064516129033,
    197.32258064516128
  ],
  "total_samples": 5208
}