{
  "hour_14": 0.17160872833892182,
  "hour_0": 0.16928733844822652,
  "hour_7": 0.15253690392875374,
  "is_peak_morning_0": 0.1384296519412772,
  "is_peak_morning_1": 0.13842965194127715,
  "hour_19": 0.1323781461014889,
  "hour_21": 0.12637910523180415,
  "hour_23": 0.12236084542623155,
  "hour_10": 0.11526880894837185,
  "day_of_week_2": 0.11384286124249964,
  "hour_4": 0.11277622370771245,
  "hour_17": 0.10756359011979769,
  "day_of_week_1": 0.09084872352432415,
  "hour_5": 0.0887959332740942,
  "hour_13": 0.08595150710074394,
  "hour_12": 0.08352231672388333,
  "hour_of_day": 0.07799667142714739,
  "hour_6": 0.0757455647011754,
  "hour_18": 0.07119763981227027,
  "is_peak_evening_1": 0.06657549245683772,
  "is_peak_evening_0": 0.06657549245683769,
  "hour_2": 0.06404695677138277,
  "hour_1": 0.06042643863038374,
  "day_of_week_0": 0.05650936399143046,
  "day_of_week_6": 0.05250547989630046,
  "hour_8": 0.05167372194474519,
  "hour_11": 0.04421884796169607,
  "is_weekend_0": 0.04239746547240988,
  "is_weekend_1": 0.04239746547240986,
  "hour_22": 0.03946284616096006,
  "hour_9": 0.037189362970383145,
  "hour_3": 0.034639875438290516,
  "hour_20": 0.034239928191408406,
  "day_of_week_3": 0.030912036994927186,
  "hour_16": 0.028435971120180554,
  "hour_15": 0.014554017464832467,
  "day_of_week_5": 0.0024398821477787523,
  "day_of_week_4": 0.0011041973793631786
}