{
  "hour_21": 0.2000598652826056,
  "hour_14": 0.18372215671561337,
  "hour_11": 0.16864756499370423,
  "hour_6": 0.1661514135397912,
  "hour_13": 0.1568396744611602,
  "day_of_week_1": 0.15428123440981978,
  "day_of_week_4": 0.1411030480682292,
  "hour_7": 0.13635274279185985,
  "hour_4": 0.11701908650022684,
  "hour_23": 0.11004710103820468,
  "day_of_week_0": 0.10108817097325248,
  "hour_15": 0.08935943024059267,
  "hour_1": 0.07600208710839466,
  "hour_18": 0.06966645539887352,
  "hour_20": 0.06596735157238466,
  "day_of_week_5": 0.0628734856500306,
  "hour_5": 0.0591198711814903,
  "hour_3": 0.05446646411994483,
  "day_of_week_3": 0.0532384874815433,
  "hour_10": 0.05018082118615866,
  "is_peak_morning_0": 0.04946167573720922,
  "is_peak_morning_1": 0.04946167573720922,
  "is_weekend_0": 0.048969769011256485,
  "is_weekend_1": 0.048969769011256485,
  "hour_22": 0.048621908282368606,
  "hour_0": 0.025556004774223214,
  "hour_17": 0.021699428373730525,
  "day_of_week_2": 0.02103399474309006,
  "hour_19": 0.019728553741273917,
  "is_peak_evening_0": 0.01725094415186873,
  "is_peak_evening_1": 0.01725094415186863,
  "hour_9": 0.014835323479999428,
  "hour_8": 0.014222371780034297,
  "hour_2": 0.010466864991021443,
  "day_of_week_6": 0.005890696785259788,
  "hour_16": 0.0033804634408537773,
  "hour_of_day": 0.0017871245355081755
}