{
  "day_of_week_1": 0.2585549471583193,
  "day_of_week_0": 0.24539391665758817,
  "hour_23": 0.2137977709956745,
  "hour_1": 0.20169649275346965,
  "hour_10": 0.1664169961715671,
  "day_of_week_4": 0.15895309730972298,
  "hour_0": 0.1430398528962912,
  "hour_3": 0.1310571854591105,
  "hour_6": 0.12262891498300761,
  "hour_11": 0.12119609071678435,
  "is_peak_morning_0": 0.11431143160777951,
  "hour_8": 0.1143114316077795,
  "is_peak_morning_1": 0.1143114316077795,
  "hour_5": 0.11161032737607134,
  "hour_12": 0.10807627228432348,
  "hour_14": 0.10243436184775642,
  "hour_19": 0.09848957907756448,
  "is_weekend_0": 0.09569512274386609,
  "is_weekend_1": 0.09569512274386609,
  "day_of_week_3": 0.09238677109274694,
  "hour_21": 0.0876037455238131,
  "hour_9": 0.07940377941854848,
  "hour_15": 0.07907795891448612,
  "hour_2": 0.07851656491395718,
  "day_of_week_6": 0.07693183690808757,
  "hour_17": 0.058389727311844476,
  "is_peak_evening_1": 0.05634513581404344,
  "is_peak_evening_0": 0.05634513581404337,
  "day_of_week_2": 0.05347729408366462,
  "day_of_week_5": 0.038700941739676246,
  "hour_13": 0.029675286867952077,
  "hour_4": 0.027776055107267685,
  "hour_22": 0.027299796535353586,
  "hour_of_day": 0.01538438276516377,
  "hour_20": 0.014015801338628363,
  "hour_16": 0.011789623281382021,
  "hour_18": 0.0064537624215815275
}