{
  "hour_3": 0.22336344110678638,
  "hour_2": 0.21890881677699345,
  "hour_1": 0.18929476917887225,
  "hour_9": NaN,
  "day_of_week_6": 0.16409820656392796,
  "hour_4": 0.1598413621611894,
  "hour_21": 0.1506498882134107,
  "day_of_week_0": 0.14831747501462164,
  "is_weekend_0": 0.14397892485784033,
  "is_weekend_1": 0.14397892485784033,
  "hour_11": 0.10643819939710603,
  "day_of_week_1": 0.1013602411433322,
  "hour_8": 0.09661113229050176,
  "is_peak_morning_0": 0.08081903838909206,
  "is_peak_morning_1": 0.080819038389092,
  "hour_12": 0.07227204915180123,
  "day_of_week_2": 0.06597055567256532,
  "hour_6": 0.062277462374824934,
  "hour_10": 0.06140873772043232,
  "is_peak_evening_0": 0.0483771501135593,
  "is_peak_evening_1": 0.0483771501135593,
  "hour_14": 0.04829821389827581,
  "hour_17": 0.04701805352341297,
  "hour_18": 0.044893751933569044,
  "hour_13": 0.03982801584705876,
  "hour_20": 0.03065319286720593,
  "hour_5": 0.02575446478542815,
  "hour_19": 0.024345209768230704,
  "day_of_week_4": 0.023964008255682283,
  "hour_23": 0.02230526981673438,
  "hour_0": 0.021755693158482345,
  "hour_16": 0.018357449765396813,
  "day_of_week_5": 0.015464878269876187,
  "hour_22": 0.013407444050536342,
  "hour_7": 0.010578869356330406,
  "day_of_week_3": 0.008043026419447288,
  "hour_15": 0.004702932682409228,
  "hour_of_day": 0.0005767768602605019
}