{
  "site_id": 3685,
  "top_peak_intervals": [
    70,
    69,
    71,
    68,
    66,
    65
  ],
  "top_peak_times": [
    "17:30",
    "17:15",
    "17:45",
    "17:00",
    "16:30",
    "16:15"
  ],
  "peak_volumes": [
    305.73493975903614,
    302.9156626506024,
    302.5421686746988,
    294.72289156626505,
    293.66265060240966,
    289.69879518072287
  ],
  "total_samples": 6972
}