{
  "day_of_week_4": 0.2846657210790266,
  "day_of_week_1": 0.19142506588391897,
  "hour_21": 0.17159756083735708,
  "hour_9": 0.15000186530295911,
  "hour_4": 0.14665533579408857,
  "day_of_week_2": 0.13383727052701172,
  "hour_12": 0.13208482727026952,
  "is_weekend_0": 0.12991519496072576,
  "is_weekend_1": 0.12991519496072573,
  "hour_2": 0.12427712794900987,
  "hour_7": 0.11790878703551898,
  "hour_13": 0.10919253430141884,
  "hour_5": 0.10883897540876018,
  "hour_17": 0.10367775984175118,
  "is_peak_evening_1": 0.10288798549891594,
  "is_peak_evening_0": 0.1028879854989159,
  "is_peak_morning_0": 0.09906147879993547,
  "is_peak_morning_1": 0.09906147879993547,
  "hour_23": 0.0981629853820836,
  "hour_1": 0.09792952836643799,
  "hour_18": 0.09597530614602345,
  "hour_15": 0.09185700761448562,
  "day_of_week_5": 0.08852463521114039,
  "day_of_week_6": 0.07879536025857364,
  "hour_19": 0.07610388754341314,
  "hour_22": 0.07610388754341313,
  "day_of_week_0": 0.06947795003417985,
  "hour_11": 0.05796528390997459,
  "day_of_week_3": 0.045782284419013164,
  "hour_10": 0.03419160164993914,
  "hour_of_day": 0.03211215124105459,
  "hour_3": 0.03198569186607223,
  "hour_0": 0.027016766945436945,
  "hour_16": 0.021179240492443203,
  "hour_8": 0.016210060167262192,
  "hour_6": 0.010466022204688796,
  "hour_14": 0.003718842849358411,
  "hour_20": 0.0005430574485241709
}