{
  "hour_9": NaN,
  "hour_12": 0.262041962980489,
  "day_of_week_0": 0.1840721473007518,
  "hour_21": 0.16435088029039466,
  "hour_8": 0.14263757788877288,
  "day_of_week_2": 0.13791856398433955,
  "hour_2": 0.1278449044653173,
  "hour_23": 0.12014245638741411,
  "day_of_week_5": 0.11451606522200862,
  "hour_16": 0.11367042653608235,
  "hour_14": 0.11090072897299763,
  "hour_6": 0.10688553753151533,
  "day_of_week_3": 0.09994553092651491,
  "is_peak_morning_0": 0.09461015978762004,
  "is_peak_morning_1": 0.09461015978762002,
  "is_peak_evening_1": 0.0938405117689295,
  "is_peak_evening_0": 0.09384051176892946,
  "hour_3": 0.08738689523825313,
  "hour_20": 0.08389940042796365,
  "hour_19": 0.08266940111715085,
  "hour_0": 0.08250519781951227,
  "hour_10": 0.0778945596357959,
  "hour_4": 0.0739999464234987,
  "hour_15": 0.07129332576835559,
  "is_weekend_0": 0.06710995753924287,
  "is_weekend_1": 0.06710995753924287,
  "hour_13": 0.06337851268966636,
  "hour_of_day": 0.06293290940575713,
  "hour_11": 0.05384445060134791,
  "day_of_week_4": 0.04435571907034041,
  "hour_7": 0.041334700558575466,
  "hour_22": 0.03792712622086041,
  "hour_1": 0.025084688696273245,
  "day_of_week_1": 0.023383133515330126,
  "day_of_week_6": 0.018370978026033533,
  "hour_5": 0.015844628172416646,
  "hour_17": 0.0155005127094658,
  "hour_18": 0.007921480640928426
}