{
  "site_id": 4324,
  "top_peak_intervals": [
    33,
    70,
    69,
    34,
    71,
    32
  ],
  "top_peak_times": [
    "08:15",
    "17:30",
    "17:15",
    "08:30",
    "17:45",
    "08:00"
  ],
  "peak_volumes": [
    143.04301075268816,
    140.3763440860215,
    137.04301075268816,
    136.7311827956989,
    136.3978494623656,
    132.91397849462365
  ],
  "total_samples": 7812
}