{
  "site_id": 4034,
  "top_peak_intervals": [
    70,
    69,
    71,
    68,
    72,
    66
  ],
  "top_peak_times": [
    "17:30",
    "17:15",
    "17:45",
    "17:00",
    "18:00",
    "16:30"
  ],
  "peak_volumes": [
    207.94354838709677,
    207.61290322580646,
    204.8709677419355,
    195.93548387096774,
    194.63709677419354,
    192.71774193548387
  ],
  "total_samples": 10416
}