{
  "site_id": 3804,
  "top_peak_intervals": [
    69,
    71,
    70,
    33,
    68,
    72
  ],
  "top_peak_times": [
    "17:15",
    "17:45",
    "17:30",
    "08:15",
    "17:00",
    "18:00"
  ],
  "peak_volumes": [
    194.00806451612902,
    190.7258064516129,
    190.23387096774192,
    188.36290322580646,
    186.38709677419354,
    185.3709677419355
  ],
  "total_samples": 10416
}