{
  "site_id": 3662,
  "top_peak_intervals": [
    70,
    71,
    34,
    69,
    72,
    35
  ],
  "top_peak_times": [
    "17:30",
    "17:45",
    "08:30",
    "17:15",
    "18:00",
    "08:45"
  ],
  "peak_volumes": [
    200.00806451612902,
    197.13709677419354,
    195.55645161290323,
    195.18548387096774,
    194.68548387096774,
    193.05645161290323
  ],
  "total_samples": 10416
}