{
  "site_id": 2846,
  "top_peak_intervals": [
    70,
    69,
    72,
    71,
    32,
    31
  ],
  "top_peak_times": [
    "17:30",
    "17:15",
    "18:00",
    "17:45",
    "08:00",
    "07:45"
  ],
  "peak_volumes": [
    152.25806451612902,
    149.3709677419355,
    148.4758064516129,
    147.1209677419355,
    145.07258064516128,
    144.30645161290323
  ],
  "total_samples": 10416
}