{
  "hour_4": 0.19013202866018644,
  "hour_11": 0.17813597200485964,
  "day_of_week_1": 0.1558803739655574,
  "hour_10": 0.15275829591942677,
  "day_of_week_2": 0.1386720892431685,
  "day_of_week_4": 0.12930970070026,
  "hour_2": 0.12799119087651994,
  "hour_12": 0.1061868994154433,
  "hour_15": 0.10542824459814651,
  "hour_1": 0.10495479897028014,
  "hour_20": 0.10249740752780538,
  "hour_18": 0.09350725620846641,
  "hour_9": 0.09248856246797042,
  "hour_21": 0.08844729989752861,
  "hour_5": 0.08424586292441474,
  "hour_6": 0.07992798781422746,
  "hour_0": 0.07907850282132566,
  "hour_of_day": 0.07795892509661766,
  "day_of_week_0": 0.07199715888185058,
  "hour_14": 0.0643691507211621,
  "hour_3": 0.06433751358153207,
  "hour_23": 0.05425375482519318,
  "hour_8": 0.046250988371767485,
  "is_peak_morning_0": 0.04050101073873356,
  "is_peak_morning_1": 0.04050101073873356,
  "day_of_week_5": 0.03917861056580116,
  "hour_16": 0.02277287228902966,
  "is_weekend_1": 0.021399817289547495,
  "is_weekend_0": 0.021399817289547474,
  "hour_22": 0.019241651591455536,
  "hour_17": 0.01819525778133979,
  "hour_7": 0.007662855359895695,
  "day_of_week_6": 0.00520814031909752,
  "hour_19": 0.00497601967970783,
  "is_peak_evening_0": 0.002448195716299593,
  "is_peak_evening_1": 0.002448195716299585,
  "day_of_week_3": 0.00030379070932185165
}