{
  "day_of_week_6": 0.3116585555102265,
  "day_of_week_0": 0.19991130692227913,
  "hour_10": 0.19668251094046466,
  "hour_7": 0.13519680197738104,
  "day_of_week_5": 0.12838939479846673,
  "is_weekend_1": 0.12347766532593164,
  "is_weekend_0": 0.12347766532593157,
  "hour_8": 0.11276462421666025,
  "hour_of_day": 0.11069784031390664,
  "hour_4": 0.10951853186951724,
  "hour_9": 0.10090537071879593,
  "hour_12": 0.09721088294539687,
  "hour_13": 0.0962249209223208,
  "hour_1": 0.09393203162313919,
  "day_of_week_2": 0.09037086477308509,
  "hour_18": 0.08797051944526703,
  "is_peak_evening_0": 0.0857139033555392,
  "is_peak_evening_1": 0.08571390335553916,
  "hour_17": 0.07447849185662714,
  "hour_14": 0.07088916694787409,
  "hour_6": 0.06947349045464281,
  "day_of_week_4": 0.06831073570064122,
  "hour_5": 0.058326529767238136,
  "hour_22": 0.04786779369126859,
  "hour_3": 0.045073953592556386,
  "hour_16": 0.04457843363637774,
  "hour_11": 0.04326084446485922,
  "hour_2": 0.03941787604793008,
  "day_of_week_3": 0.018696584851196085,
  "hour_15": 0.018253088644919587,
  "hour_0": 0.01230517257227457,
  "hour_21": 0.011540876139214036,
  "hour_19": 0.008483690406971934,
  "hour_20": 0.007850995390418778,
  "is_peak_morning_0": 0.006697052617433586,
  "is_peak_morning_1": 0.0066970526174335845,
  "hour_23": 0.001730102847220065,
  "day_of_week_1": 0.00045089594521876636
}