{
  "hour_7": 0.2343886198329296,
  "hour_23": 0.165079841824201,
  "day_of_week_4": 0.1518811197180595,
  "hour_18": 0.144038452506284,
  "hour_10": 0.14244774623895898,
  "hour_8": 0.13908826398349108,
  "hour_12": 0.13215717655930195,
  "hour_14": 0.12537504443541111,
  "day_of_week_3": 0.1133342543954668,
  "hour_17": 0.11243023542891696,
  "is_weekend_0": 0.0983797059687785,
  "is_weekend_1": 0.0983797059687785,
  "hour_21": 0.09802358827949685,
  "hour_3": 0.09029917465862919,
  "day_of_week_6": 0.08367087951518334,
  "hour_5": 0.08259585743219423,
  "is_peak_morning_0": 0.07960645584401593,
  "is_peak_morning_1": 0.07960645584401593,
  "hour_2": 0.07918895655139671,
  "day_of_week_1": 0.07866043209957484,
  "day_of_week_2": 0.07083792018701943,
  "hour_6": 0.07018915715422563,
  "is_peak_evening_0": 0.06320515548633605,
  "is_peak_evening_1": 0.06320515548633604,
  "hour_0": 0.06284630231740891,
  "hour_9": 0.059730574416910785,
  "hour_of_day": 0.059308490987521514,
  "hour_1": 0.050705055366535724,
  "day_of_week_5": 0.03993635074546804,
  "hour_16": 0.03177158213665465,
  "hour_13": 0.02285925948554741,
  "hour_22": 0.02136689215355519,
  "day_of_week_0": 0.019933143027512864,
  "hour_15": 0.012548809677484793,
  "hour_19": 0.011418286283116797,
  "hour_11": 0.008896042998263307,
  "hour_20": 0.004963806884006703,
  "hour_4": 0.0004665154997050703
}