{
  "hour_8": 0.19041452067901962,
  "hour_19": 0.16131606370319215,
  "hour_20": 0.15135828199311852,
  "day_of_week_6": 0.14483040287207027,
  "hour_21": 0.14178954964175788,
  "day_of_week_4": 0.13377020852024057,
  "day_of_week_1": 0.12123714438613915,
  "is_weekend_0": 0.11383072334598883,
  "is_weekend_1": 0.11383072334598883,
  "hour_11": 0.09417100414803474,
  "hour_6": 0.09053089037528962,
  "hour_9": 0.08481136239731417,
  "hour_16": 0.0826656436631913,
  "hour_10": 0.08252452140698226,
  "hour_3": 0.07691039533387187,
  "hour_23": 0.06771291562850039,
  "hour_13": 0.06392724739038787,
  "hour_18": 0.06104982517597247,
  "is_peak_morning_0": 0.059894212952442655,
  "is_peak_morning_1": 0.059894212952442634,
  "hour_22": 0.05846338009206411,
  "hour_7": 0.05688492953921503,
  "day_of_week_3": 0.05249440585800777,
  "hour_5": 0.043791747949682165,
  "hour_12": 0.03873448849862563,
  "is_peak_evening_1": 0.03447014114097874,
  "is_peak_evening_0": 0.03447014114097873,
  "hour_4": 0.030205793783331825,
  "hour_of_day": 0.02753399184816605,
  "hour_14": 0.02736289554490071,
  "hour_0": 0.024978686556136397,
  "hour_2": 0.02452428874590348,
  "day_of_week_0": 0.01791489842469425,
  "day_of_week_5": 0.014872047463481525,
  "hour_1": 0.00796622536805886,
  "hour_15": 0.007628279735398059,
  "hour_17": 0.0036361379163996057,
  "day_of_week_2": 0.0018113391141419712
}