{
  "site_id": 3180,
  "top_peak_intervals": [
    35,
    34,
    70,
    71,
    69,
    62
  ],
  "top_peak_times": [
    "08:45",
    "08:30",
    "17:30",
    "17:45",
    "17:15",
    "15:30"
  ],
  "peak_volumes": [
    167.79569892473117,
    162.43010752688173,
    153.67741935483872,
    153.3763440860215,
    153.18279569892474,
    152.88172043010752
  ],
  "total_samples": 7812
}