{
  "site_id": 2200,
  "top_peak_intervals": [
    71,
    69,
    70,
    72,
    68,
    33
  ],
  "top_peak_times": [
    "17:45",
    "17:15",
    "17:30",
    "18:00",
    "17:00",
    "08:15"
  ],
  "peak_volumes": [
    161.8951612903226,
    159.4516129032258,
    158.3709677419355,
    156.1209677419355,
    150.71774193548387,
    149.94354838709677
  ],
  "total_samples": 10416
}