{
  "is_peak_morning_1": 0.19090057212127445,
  "is_peak_morning_0": 0.1909005721212744,
  "is_peak_evening_0": 0.1685313109238708,
  "hour_17": 0.16853131092387072,
  "is_peak_evening_1": 0.16853131092387072,
  "hour_7": 0.16810004702396247,
  "hour_10": 0.14094558479266833,
  "hour_3": 0.1357570588967436,
  "day_of_week_6": 0.1192404544427897,
  "hour_8": 0.11550487935969496,
  "hour_14": 0.11389985045430195,
  "hour_12": 0.09686967296224495,
  "hour_18": 0.09136416110984298,
  "hour_19": 0.09128114051819378,
  "hour_of_day": 0.08848799139099006,
  "hour_23": 0.08244353547135183,
  "hour_2": 0.06966984088398094,
  "hour_20": 0.06812798052470934,
  "hour_0": 0.06710827945642109,
  "hour_21": 0.06642241216664976,
  "hour_22": 0.06452733621325032,
  "day_of_week_5": 0.06439705570625336,
  "hour_6": 0.05304385478221909,
  "hour_1": 0.05077212746327643,
  "day_of_week_3": 0.04832360074153222,
  "is_weekend_0": 0.0431017148848372,
  "is_weekend_1": 0.04310171488483718,
  "day_of_week_0": 0.04269502865500024,
  "hour_4": 0.03380743155601411,
  "hour_5": 0.03251074970523106,
  "hour_9": 0.029024398016912197,
  "day_of_week_2": 0.022712467512912386,
  "day_of_week_1": 0.021037759508821346,
  "day_of_week_4": 0.019217339286164443,
  "hour_11": 0.016777254063957154,
  "hour_15": 0.015065853829525428,
  "hour_13": 0.009757352106676411
}