{
  "hour_2": 0.19698177960497787,
  "hour_7": 0.1772312853035014,
  "hour_15": 0.17197354237045784,
  "hour_9": 0.14540470918703474,
  "hour_0": 0.1154460626394416,
  "hour_6": 0.09425134806752779,
  "hour_20": NaN,
  "is_peak_morning_0": 0.13155427183711654,
  "is_peak_morning_1": 0.13155427183711654,
  "hour_14": 0.113903556866462,
  "hour_10": 0.08509152730496228,
  "hour_of_day": 0.0812111090706275,
  "is_weekend_0": 0.08083479237317005,
  "is_weekend_1": 0.08083479237317005,
  "hour_3": 0.06844729546572369,
  "hour_1": 0.06400377566020847,
  "hour_4": 0.05836885514841831,
  "hour_22": 0.05824924683868792,
  "hour_13": 0.05718349440854504,
  "day_of_week_5": 0.05426075106436107,
  "day_of_week_6": 0.04971831123061058,
  "day_of_week_0": 0.04663537748999239,
  "day_of_week_1": 0.042323493361720095,
  "hour_11": 0.04117891120732146,
  "hour_17": 0.03623177687573883,
  "day_of_week_3": 0.030599533981742227,
  "hour_23": 0.025665588119248305,
  "hour_12": 0.024394185028736366,
  "day_of_week_2": 0.02389568618125591,
  "hour_18": 0.018614602372202117,
  "is_peak_evening_0": 0.018343436756534826,
  "is_peak_evening_1": 0.018343436756534822,
  "hour_21": 0.017923441357869583,
  "hour_8": 0.01700500848649065,
  "hour_19": 0.016851855935440557,
  "hour_16": 0.014184392537444454,
  "day_of_week_4": 0.010678163952790146,
  "hour_5": 0.004417844532763303
}