{
  "site_id": 3127,
  "top_peak_intervals": [
    69,
    70,
    71,
    68,
    72,
    67
  ],
  "top_peak_times": [
    "17:15",
    "17:30",
    "17:45",
    "17:00",
    "18:00",
    "16:45"
  ],
  "peak_volumes": [
    240.5897435897436,
    232.0,
    225.93589743589743,
    225.7051282051282,
    222.35897435897436,
    220.17948717948718
  ],
  "total_samples": 6552
}