{
  "site_id": 2827,
  "top_peak_intervals": [
    70,
    69,
    72,
    68,
    71,
    67
  ],
  "top_peak_times": [
    "17:30",
    "17:15",
    "18:00",
    "17:00",
    "17:45",
    "16:45"
  ],
  "peak_volumes": [
    272.39516129032256,
    271.9193548387097,
    263.06451612903226,
    259.75,
    258.58870967741933,
    247.71774193548387
  ],
  "total_samples": 10416
}