{
  "day_of_week_2": 0.20822327578559935,
  "hour_22": 0.1724726437481645,
  "hour_19": 0.17075814067331904,
  "hour_of_day": 0.1635935307983753,
  "day_of_week_1": 0.154630952141517,
  "hour_2": 0.1487691599498694,
  "is_weekend_1": 0.13757922817087864,
  "is_weekend_0": 0.13757922817087861,
  "day_of_week_0": 0.1373968701431125,
  "hour_23": 0.12188909549719354,
  "hour_18": 0.11803880705057816,
  "day_of_week_5": 0.11209398500193662,
  "hour_21": 0.10611803585230566,
  "hour_8": 0.102889464705478,
  "hour_5": 0.09949096876144888,
  "day_of_week_4": 0.08194906523053619,
  "is_peak_evening_0": 0.0806804804088053,
  "is_peak_evening_1": 0.0806804804088053,
  "hour_1": 0.07307428783448258,
  "day_of_week_6": 0.06748380498265305,
  "hour_3": 0.06480664765087102,
  "hour_12": 0.06334773052855795,
  "hour_16": 0.06284319586636404,
  "hour_7": 0.05505044732944523,
  "hour_0": 0.05087306332038987,
  "hour_17": 0.04821303386572909,
  "hour_10": 0.03786845685349708,
  "day_of_week_3": 0.035267515388280185,
  "hour_11": 0.03165566315097017,
  "hour_14": 0.03165566315097016,
  "hour_13": 0.028195232662999774,
  "hour_20": 0.027994043874320338,
  "hour_15": 0.026423305964825464,
  "hour_4": 0.021612739319119938,
  "hour_6": 0.017042822605514603,
  "is_peak_morning_0": 0.005530482025507358,
  "is_peak_morning_1": 0.005530482025507358
}