{
  "day_of_week_5": 0.20858477178607673,
  "hour_18": 0.20354514512520322,
  "hour_3": 0.20048382151399818,
  "hour_2": 0.17400030414723572,
  "hour_8": 0.14104570108904715,
  "hour_7": 0.13561752362392465,
  "day_of_week_1": 0.1343247299288108,
  "hour_22": 0.1254067421329338,
  "hour_21": 0.12237825878834026,
  "hour_6": 0.12109318687381673,
  "hour_14": 0.11164090874841859,
  "is_weekend_0": 0.09000886091983336,
  "is_weekend_1": 0.09000886091983336,
  "hour_19": 0.08781320072812449,
  "hour_16": 0.08458081297126097,
  "hour_23": 0.08452221698092344,
  "is_peak_evening_0": 0.083755151050008,
  "is_peak_evening_1": 0.08375515105000798,
  "hour_of_day": 0.07919452256528167,
  "day_of_week_4": 0.07761259782483923,
  "day_of_week_0": 0.06566535869035624,
  "day_of_week_6": 0.05951719979709857,
  "hour_5": 0.05887461552447158,
  "hour_0": 0.0566819172600843,
  "hour_13": 0.046675701422416185,
  "is_peak_morning_1": 0.041431862842179076,
  "is_peak_morning_0": 0.04143186284217906,
  "hour_15": 0.04118383992865496,
  "hour_9": 0.03861272833108936,
  "day_of_week_3": 0.03711256486264202,
  "hour_11": 0.033714523419996596,
  "hour_17": 0.03070768369020294,
  "hour_4": 0.01671697136951747,
  "hour_10": 0.016364677436095536,
  "hour_12": 0.013721098364227594,
  "hour_1": 0.0015326435060995685,
  "day_of_week_2": 0.0013368687530535906,
  "hour_20": 0.00026936564640528876
}