{
  "site_id": 3001,
  "top_peak_intervals": [
    70,
    30,
    32,
    36,
    69,
    72
  ],
  "top_peak_times": [
    "17:30",
    "07:30",
    "08:00",
    "09:00",
    "17:15",
    "18:00"
  ],
  "peak_volumes": [
    252.37894736842105,
    245.14736842105262,
    244.86315789473684,
    241.10526315789474,
    240.90526315789472,
    239.06315789473683
  ],
  "total_samples": 7980
}