{
  "day_of_week_6": 0.1726613264266575,
  "day_of_week_5": 0.1405343477046772,
  "hour_6": 0.13024520419035499,
  "hour_21": 0.12874558879511608,
  "day_of_week_1": 0.12074489409051609,
  "hour_18": 0.11776064258622752,
  "hour_17": 0.10781134671460939,
  "hour_of_day": 0.09859477229424757,
  "hour_4": 0.09616874041429072,
  "hour_11": 0.09131419791828013,
  "hour_10": 0.08543389625441468,
  "hour_19": 0.07652453916234665,
  "hour_9": 0.07167856428394337,
  "day_of_week_0": 0.0710942333938308,
  "hour_5": 0.06730959032464334,
  "hour_3": 0.062272117828385244,
  "hour_1": 0.05708341673790615,
  "hour_14": 0.05375892321295755,
  "day_of_week_3": 0.053601755196367736,
  "hour_8": 0.04868879662939053,
  "hour_7": 0.04690227897015297,
  "day_of_week_4": 0.045573226534506864,
  "is_weekend_0": 0.04228868365701067,
  "is_weekend_1": 0.04228868365701066,
  "hour_15": 0.04212572999909651,
  "is_peak_evening_1": 0.03464463940390598,
  "is_peak_evening_0": 0.03464463940390597,
  "hour_23": 0.033767275160462414,
  "hour_20": 0.029866068451643146,
  "day_of_week_2": 0.029386334902065218,
  "hour_13": 0.026780538697010883,
  "hour_2": 0.024856828116060267,
  "hour_12": 0.022765988262551003,
  "hour_16": 0.01620985278855148,
  "hour_22": 0.014216838101434476,
  "hour_0": 0.006906942646458218,
  "is_peak_morning_0": 0.0034695509947415657,
  "is_peak_morning_1": 0.003469550994741548
}