{
  "hour_22": 0.15592682257564294,
  "hour_0": 0.15053811819471283,
  "hour_of_day": 0.14880478397089483,
  "hour_9": 0.1207985689767768,
  "day_of_week_3": 0.10279515345573406,
  "hour_8": 0.10173140667108894,
  "is_peak_evening_0": 0.09523053135482001,
  "hour_17": 0.09523053135481994,
  "is_peak_evening_1": 0.09523053135481994,
  "is_peak_morning_0": 0.08668373488277792,
  "is_peak_morning_1": 0.08668373488277792,
  "day_of_week_6": 0.08493924043271565,
  "hour_5": 0.0840863247555618,
  "hour_4": 0.08344855924276844,
  "hour_18": 0.07614489847298843,
  "hour_3": 0.06952708477415842,
  "hour_23": 0.06877600899610771,
  "hour_13": 0.06522449910521426,
  "hour_20": 0.06469541348831744,
  "day_of_week_5": 0.06445555577369752,
  "day_of_week_2": 0.06343752820703402,
  "hour_10": 0.04999859079674143,
  "hour_2": 0.04723265690619007,
  "hour_11": 0.04561115927153674,
  "day_of_week_0": 0.039167691480755995,
  "hour_12": 0.03236240356685031,
  "is_weekend_0": 0.031967748193852265,
  "is_weekend_1": 0.031967748193852265,
  "hour_7": 0.025729327949524032,
  "hour_19": 0.021353084369983014,
  "hour_6": 0.020425434718629364,
  "day_of_week_4": 0.019506025569612666,
  "hour_14": 0.01819466649217106,
  "hour_15": 0.017736012569057123,
  "day_of_week_1": 0.01605484293003026,
  "hour_21": 0.011272023879605707,
  "hour_1": 0.002820049739464247
}