{
  "day_of_week_1": 0.21107895366724835,
  "hour_23": 0.2025243466648091,
  "is_weekend_0": 0.19988801339398118,
  "is_weekend_1": 0.19988801339398118,
  "day_of_week_4": 0.17821586641571888,
  "day_of_week_6": 0.15638845640810056,
  "hour_19": 0.15457133935173198,
  "hour_4": 0.15450285597044275,
  "hour_10": 0.13577616103976167,
  "day_of_week_0": 0.13079404005505216,
  "hour_15": 0.12998697321752775,
  "hour_2": 0.11484021725640524,
  "day_of_week_2": 0.10675219860610573,
  "day_of_week_5": 0.09769618192795228,
  "is_peak_morning_0": 0.08851640468518568,
  "is_peak_morning_1": 0.08851640468518568,
  "hour_14": 0.08758998282218514,
  "hour_8": 0.08682276448729416,
  "hour_3": 0.08294394944664664,
  "hour_21": 0.06520631707152248,
  "day_of_week_3": 0.06374275789343607,
  "hour_11": 0.05503168732200392,
  "hour_5": 0.0531379699075872,
  "is_peak_evening_0": 0.05099403148930626,
  "hour_16": 0.05099403148930624,
  "is_peak_evening_1": 0.05099403148930624,
  "hour_12": 0.050924933885662195,
  "hour_22": 0.04663826114206678,
  "hour_20": 0.04168481060770426,
  "hour_7": 0.03997810525594545,
  "hour_9": 0.034987080879422906,
  "hour_13": 0.03460809842693711,
  "hour_1": 0.019900109849485405,
  "hour_0": 0.01692966248500013,
  "hour_18": 0.016705391827170613,
  "hour_of_day": 0.009870351940443145,
  "hour_6": 0.002951042084541273
}