{
  "hour_10": 0.17722324912116327,
  "hour_7": 0.17261380102374563,
  "hour_15": NaN,
  "day_of_week_2": 0.16399686492323198,
  "hour_1": 0.15243106515494362,
  "day_of_week_3": 0.1461426729535173,
  "hour_8": 0.13702809104026936,
  "day_of_week_4": 0.13102011403007208,
  "hour_5": 0.1292735306810024,
  "day_of_week_6": 0.12454998494216735,
  "hour_12": 0.11253403092177258,
  "is_peak_evening_0": 0.11095102095860099,
  "is_peak_evening_1": 0.1109510209586009,
  "hour_21": 0.1072206249406346,
  "hour_17": 0.10200430567003782,
  "hour_22": 0.07990292896133382,
  "hour_3": 0.07990292896133377,
  "is_weekend_0": 0.07912428697083564,
  "is_weekend_1": 0.07912428697083564,
  "day_of_week_0": 0.0695538876949765,
  "day_of_week_1": 0.06296192029349516,
  "hour_23": 0.05529201563197573,
  "hour_of_day": 0.0503153170770584,
  "hour_2": 0.04731588911219221,
  "hour_9": 0.04352303226953153,
  "hour_16": 0.04090045887711239,
  "hour_0": 0.039730175426870865,
  "hour_6": 0.03404089016287976,
  "day_of_week_5": 0.03229716489980378,
  "hour_4": 0.03069098542054012,
  "hour_14": 0.026347202079666277,
  "is_peak_morning_0": 0.025423659214969866,
  "is_peak_morning_1": 0.02542365921496984,
  "hour_20": 0.021702783131469925,
  "hour_18": 0.02095553405570038,
  "hour_13": 0.017792854991738168,
  "hour_11": 0.01507660594957628,
  "hour_19": 0.0018016070002638287
}