{
  "day_of_week_5": 0.2518641369990007,
  "is_peak_morning_0": 0.17330281615161636,
  "is_peak_morning_1": 0.17330281615161636,
  "hour_7": 0.16475921780472028,
  "hour_17": 0.1536670869276748,
  "is_weekend_0": 0.15080416949617415,
  "is_weekend_1": 0.15080416949617415,
  "hour_16": 0.13124219933250508,
  "hour_19": 0.11746642932402329,
  "hour_20": 0.11600117172044405,
  "hour_22": 0.1115732990164523,
  "hour_2": 0.10725304175616471,
  "hour_15": 0.10540486958046533,
  "day_of_week_2": 0.09627866038618703,
  "hour_14": 0.09008142469088412,
  "hour_10": 0.08869209902089546,
  "hour_23": 0.07981795592237301,
  "hour_13": 0.07185669566017737,
  "hour_18": 0.06173735156993942,
  "day_of_week_1": 0.05870686302204189,
  "hour_8": 0.05209135377825733,
  "hour_0": 0.04268971615307643,
  "hour_of_day": 0.04195660097856086,
  "hour_12": 0.03898228073098454,
  "day_of_week_4": 0.03857463523300094,
  "hour_1": 0.033293513021245884,
  "day_of_week_6": 0.028749020598179936,
  "hour_6": 0.026182553384072414,
  "hour_3": 0.02436475163414165,
  "day_of_week_3": 0.02068186171050149,
  "hour_11": 0.01895806421603907,
  "is_peak_evening_0": 0.01690243082065857,
  "is_peak_evening_1": 0.01690243082065857,
  "hour_4": 0.01223436319609101,
  "hour_21": 0.004849674472552285,
  "day_of_week_0": 0.004488761060899913,
  "hour_9": 0.002880807639241259,
  "hour_5": 0.0018599928938343986
}