{
  "hour_of_day": 0.21733062592118396,
  "hour_16": 0.21041615325081128,
  "hour_23": 0.17458460543372625,
  "hour_13": 0.15853218552838438,
  "hour_10": 0.15405468363005825,
  "day_of_week_4": 0.15138733166177423,
  "hour_19": 0.14348678274373286,
  "hour_15": 0.13632500332022227,
  "hour_22": 0.12946058779554787,
  "is_peak_evening_0": 0.12444439003234478,
  "is_peak_evening_1": 0.12444439003234478,
  "hour_3": 0.12013338626545383,
  "is_weekend_0": 0.11967002051746764,
  "is_weekend_1": 0.11967002051746764,
  "day_of_week_6": 0.11417467406507088,
  "hour_12": 0.11171416184092971,
  "is_peak_morning_0": 0.09800961208995573,
  "is_peak_morning_1": 0.09800961208995573,
  "hour_1": 0.09270567250621775,
  "hour_8": 0.09236741297016711,
  "hour_14": 0.09068891180813246,
  "hour_20": 0.08227881179501345,
  "hour_6": 0.08061398079089518,
  "hour_11": 0.07638447985297141,
  "hour_9": 0.07088094707343907,
  "hour_5": 0.05979241599513453,
  "day_of_week_0": 0.05862787167958464,
  "hour_18": 0.05284346174909716,
  "hour_0": 0.04947942174384963,
  "day_of_week_3": 0.046503059189828805,
  "hour_2": 0.03584320619054591,
  "hour_7": 0.034653661786332064,
  "day_of_week_1": 0.0331249841197735,
  "day_of_week_5": 0.03016210556453001,
  "hour_21": 0.0208366645264602,
  "hour_4": 0.020044071697933402,
  "day_of_week_2": 0.001593143264084497,
  "hour_17": 0.00048807974346947906
}