{
  "hour_14": NaN,
  "hour_20": 0.1531881468591558,
  "hour_2": 0.12768338144392904,
  "hour_21": 0.1182497415068639,
  "hour_23": 0.1092687484810262,
  "day_of_week_5": 0.10644595027966972,
  "day_of_week_4": 0.09731736957270365,
  "hour_7": 0.08815229258934443,
  "is_weekend_1": 0.08275961032199275,
  "is_weekend_0": 0.08275961032199265,
  "is_peak_morning_0": 0.07858247489560574,
  "is_peak_morning_1": 0.07858247489560573,
  "day_of_week_3": 0.07640072237815004,
  "hour_11": 0.06595600767546987,
  "day_of_week_1": 0.060090455803039344,
  "hour_of_day": 0.05960483856304382,
  "hour_19": 0.05379945480001075,
  "hour_10": 0.053117986483439246,
  "hour_18": 0.04340813295821587,
  "day_of_week_2": 0.0366647504946614,
  "hour_22": 0.03637300209569138,
  "hour_6": 0.024320644084557915,
  "hour_13": 0.022800603829273073,
  "hour_4": 0.018240483063418453,
  "hour_3": 0.017559380322057887,
  "day_of_week_0": 0.017127285864113953,
  "hour_8": 0.01672044280813355,
  "hour_0": 0.015200402552848715,
  "hour_16": 0.01484202411684461,
  "hour_12": 0.013680362297563827,
  "hour_9": 0.00809185853257894,
  "hour_5": 0.007600201276424351,
  "is_peak_evening_1": 0.006950202959350618,
  "is_peak_evening_0": 0.006950202959350617,
  "hour_1": 0.004255226301643203,
  "day_of_week_6": 0.0035683685958408447,
  "hour_15": 0.0025084829031511227,
  "hour_17": 0.001751142411541958
}