{
  "hour_17": 0.2205322319560792,
  "hour_22": 0.17433825124798388,
  "is_weekend_0": 0.16635100258757457,
  "is_weekend_1": 0.16635100258757457,
  "is_peak_morning_0": 0.15227385186143372,
  "is_peak_morning_1": 0.1522738518614337,
  "hour_1": 0.14425714630089317,
  "hour_16": 0.14033159853291752,
  "hour_18": 0.1383822879705779,
  "day_of_week_5": 0.12594700941305878,
  "hour_8": 0.11535784113771665,
  "is_peak_evening_0": 0.11137681422267241,
  "is_peak_evening_1": 0.1113768142226724,
  "hour_6": 0.10502630496613684,
  "hour_14": 0.10462964852872274,
  "hour_15": 0.09778186866104702,
  "hour_7": 0.09649102178208041,
  "hour_5": 0.09611140354664229,
  "day_of_week_0": 0.09586968411872021,
  "day_of_week_6": 0.08431538116348192,
  "day_of_week_2": 0.06945696842910071,
  "hour_13": 0.05424462622452661,
  "hour_23": 0.05373152653880397,
  "hour_9": 0.047071320545189844,
  "hour_of_day": 0.0394247901283007,
  "day_of_week_4": 0.03903606433814596,
  "hour_2": 0.03568095098096478,
  "hour_10": 0.03513942687087046,
  "hour_4": 0.026190506615130962,
  "hour_19": 0.02542586665807813,
  "hour_3": 0.023822550529428683,
  "hour_12": 0.023400957419480572,
  "hour_0": 0.02112523661411025,
  "day_of_week_3": 0.02048392985363764,
  "hour_21": 0.015571121244986746,
  "day_of_week_1": 0.006569201406837089,
  "hour_20": 0.002861244537353137,
  "hour_11": 0.0006034630853161224
}