{
  "site_id": 3002,
  "top_peak_intervals": [
    71,
    72,
    70,
    69,
    73,
    68
  ],
  "top_peak_times": [
    "17:45",
    "18:00",
    "17:30",
    "17:15",
    "18:15",
    "17:00"
  ],
  "peak_volumes": [
    223.51923076923077,
    223.20192307692307,
    221.32692307692307,
    220.58653846153845,
    220.34615384615384,
    216.58653846153845
  ],
  "total_samples": 8736
}