{
  "hour_0": 0.2032365056436252,
  "hour_13": 0.11946383572115317,
  "hour_22": NaN,
  "hour_of_day": 0.16499303593941825,
  "hour_10": 0.14842795640431858,
  "hour_4": 0.1415359163660701,
  "hour_11": 0.13859177639077858,
  "hour_1": 0.12674456572474535,
  "is_weekend_0": 0.1160834645847636,
  "is_weekend_1": 0.11608346458476358,
  "hour_8": 0.11328805360465533,
  "hour_19": 0.11204153280595673,
  "is_peak_morning_0": 0.09533043124978272,
  "is_peak_morning_1": 0.09533043124978267,
  "hour_3": 0.08786497711938167,
  "day_of_week_5": 0.0860153073289585,
  "hour_17": 0.08221540456709865,
  "hour_21": 0.07523600894015767,
  "hour_20": 0.07374104573867417,
  "hour_23": 0.07317407817589246,
  "day_of_week_4": 0.0701171437019157,
  "day_of_week_2": 0.06727948082867403,
  "hour_2": 0.0670480410920698,
  "day_of_week_6": 0.0620438493443614,
  "is_peak_evening_0": 0.05993719839871954,
  "is_peak_evening_1": 0.05993719839871954,
  "day_of_week_3": 0.052757977604194484,
  "hour_5": 0.04066279844505697,
  "hour_7": 0.03634624169557492,
  "hour_14": 0.03108232884278638,
  "hour_9": 0.02835584920052088,
  "hour_15": 0.025719679044268456,
  "day_of_week_0": 0.025137679006892996,
  "hour_18": 0.020285763463140684,
  "hour_16": 0.019052180901111115,
  "hour_6": 0.013984463640802679,
  "day_of_week_1": 0.010498188545249193,
  "hour_12": 0.00038692191891549207
}