{
  "hour_13": 0.21673580940005557,
  "day_of_week_4": 0.20773514102154825,
  "day_of_week_3": 0.1685090407820995,
  "hour_19": 0.16009836429619928,
  "hour_15": 0.14148657827779124,
  "is_peak_morning_1": 0.12458929584015702,
  "is_peak_morning_0": 0.12458929584015692,
  "hour_12": 0.12054871443230544,
  "hour_of_day": 0.11921068780596855,
  "hour_14": 0.11084617279088099,
  "hour_1": 0.09848531369411626,
  "hour_11": 0.09792414381551723,
  "hour_7": 0.09356709380199954,
  "hour_23": 0.09195133859119413,
  "hour_8": 0.0910587565600274,
  "hour_5": 0.08744675130022543,
  "hour_9": 0.08427466369728029,
  "hour_22": 0.0780630643601749,
  "day_of_week_6": 0.07254566593224325,
  "hour_6": 0.0660013111665141,
  "hour_10": 0.05973694981813586,
  "day_of_week_0": 0.05794078996534191,
  "day_of_week_5": 0.051398732227365296,
  "hour_0": 0.04971397166073039,
  "hour_2": 0.04783953280479742,
  "hour_4": 0.04783953280479742,
  "hour_20": 0.046726213917835796,
  "hour_18": 0.0334266321549468,
  "is_peak_evening_1": 0.025441538220502026,
  "is_peak_evening_0": 0.025441538220502023,
  "hour_16": 0.02076328550816128,
  "day_of_week_2": 0.019740029343898007,
  "day_of_week_1": 0.017890114193853713,
  "hour_17": 0.016446688239297347,
  "hour_21": 0.011185411672957049,
  "is_weekend_0": 0.008439636790383046,
  "is_weekend_1": 0.00843963679038302,
  "hour_3": 0.0005388525492996197
}