{
  "day_of_week_2": 0.2245642597160952,
  "hour_9": 0.18286773445696175,
  "hour_17": 0.17028273651829667,
  "hour_14": 0.17003400003311,
  "hour_8": 0.15603133648181014,
  "day_of_week_0": 0.14943096653091686,
  "hour_21": 0.1484267719631841,
  "hour_7": 0.14013111245095425,
  "hour_12": 0.12977725065318887,
  "day_of_week_3": 0.10337799302132311,
  "hour_3": 0.1032288870691748,
  "hour_1": 0.10244551328545823,
  "hour_6": 0.10026900352963465,
  "hour_0": 0.08209434631560669,
  "hour_15": 0.08209434631560669,
  "day_of_week_6": 0.07411607261344888,
  "hour_16": 0.0688520962314837,
  "hour_11": 0.06251844739644949,
  "is_weekend_0": 0.05221114554805449,
  "is_weekend_1": 0.052211145548054456,
  "day_of_week_4": 0.044816775258849716,
  "is_peak_evening_0": 0.04436548270073914,
  "is_peak_evening_1": 0.0443654827007391,
  "hour_13": 0.03657780242156442,
  "hour_4": 0.03570754902049899,
  "is_peak_morning_1": 0.03408419551500372,
  "is_peak_morning_0": 0.03408419551500371,
  "hour_5": 0.033948130862249244,
  "hour_of_day": 0.03320988409749976,
  "hour_19": 0.026858094492494256,
  "hour_2": 0.026238632675533908,
  "day_of_week_5": 0.02482121719380556,
  "day_of_week_1": 0.016994513125924766,
  "hour_18": 0.016698156551927995,
  "hour_23": 0.0086240170084419,
  "hour_22": 0.00838566076539275,
  "hour_20": 0.005212159985056421,
  "hour_10": 0.0030916912764774296
}