{
  "hour_14": 0.18945866526043137,
  "hour_22": 0.18493859351462877,
  "hour_15": 0.1849066524598415,
  "day_of_week_4": 0.17936630900245504,
  "hour_10": 0.17127515221724152,
  "hour_0": 0.16058749606442174,
  "hour_23": 0.1555615370760351,
  "hour_4": 0.15285940858765512,
  "day_of_week_2": 0.14390033908638816,
  "hour_13": 0.14302366088995194,
  "day_of_week_5": 0.10532600868461546,
  "hour_5": 0.09969070179385241,
  "day_of_week_1": 0.09536214043507135,
  "hour_20": 0.09046294124825571,
  "hour_18": 0.08563141604807045,
  "day_of_week_3": 0.08044208255022185,
  "hour_3": 0.0778050032747691,
  "hour_9": 0.07452319006006487,
  "hour_19": 0.07266378806197919,
  "day_of_week_0": 0.0724151801865696,
  "hour_21": 0.054324096601065276,
  "hour_12": 0.05273252446512663,
  "hour_17": 0.050772457563612046,
  "hour_7": 0.050511553075469964,
  "is_weekend_0": 0.05034360766957704,
  "is_weekend_1": 0.05034360766957704,
  "is_peak_evening_0": 0.048564748206294646,
  "is_peak_evening_1": 0.048564748206294646,
  "hour_2": 0.04509633605546847,
  "hour_of_day": 0.042583164112271324,
  "day_of_week_6": 0.032151079624650226,
  "is_peak_morning_0": 0.03015869562027466,
  "is_peak_morning_1": 0.03015869562027465,
  "hour_1": 0.02200402469129899,
  "hour_11": 0.021300260096025043,
  "hour_8": 0.019725748417922236,
  "hour_16": 0.019034669242590743,
  "hour_6": 0.005511006924649068
}