{
  "hour_3": 0.19488625601642992,
  "hour_of_day": 0.17927001043207072,
  "hour_23": 0.15468511057637996,
  "hour_0": 0.1518359050723817,
  "hour_7": 0.15157182974332273,
  "day_of_week_6": 0.1490968872565937,
  "hour_14": 0.1484464537490414,
  "is_peak_morning_0": 0.14807044277595197,
  "is_peak_morning_1": 0.14807044277595197,
  "hour_10": 0.1433658710494659,
  "hour_4": 0.1390650765897712,
  "hour_9": 0.1362662296893894,
  "day_of_week_5": 0.12317246901420445,
  "hour_22": 0.1115514404264824,
  "hour_20": 0.10612624278340509,
  "day_of_week_0": 0.1040406670310883,
  "hour_18": 0.10277735534940675,
  "day_of_week_1": 0.10274829117218802,
  "hour_16": 0.10132015718708386,
  "hour_15": 0.10110291163240771,
  "is_peak_evening_1": 0.09762608701586241,
  "is_peak_evening_0": 0.09762608701586235,
  "hour_21": 0.09159834204231887,
  "hour_13": 0.08756866448546825,
  "hour_1": 0.07124645302498948,
  "hour_11": 0.046248135463516096,
  "hour_8": 0.03997960618350742,
  "day_of_week_2": 0.03915125168072094,
  "hour_19": 0.034750230335596474,
  "hour_5": 0.031178142010523904,
  "hour_17": 0.029750625498136878,
  "is_weekend_1": 0.029170569288988604,
  "is_weekend_0": 0.02917056928898858,
  "day_of_week_4": 0.026478290955613236,
  "hour_12": 0.019055169499450148,
  "hour_2": 0.011738897603821637,
  "day_of_week_3": 0.007970189646081887,
  "hour_6": 0.007521442471966364
}