{
  "hour_23": 0.24595216501872147,
  "hour_10": 0.17644525167573008,
  "hour_16": 0.16199992012800146,
  "hour_of_day": 0.15994838511365522,
  "hour_1": 0.14891003953029186,
  "hour_18": 0.13930681247473092,
  "hour_12": 0.13563224281534103,
  "hour_21": 0.12838162177769455,
  "hour_2": 0.10258781008109437,
  "hour_5": 0.10199423825635077,
  "hour_4": 0.09612794801310037,
  "day_of_week_1": 0.09603893946328694,
  "day_of_week_3": 0.09377637009025629,
  "hour_17": 0.08031748383133039,
  "hour_15": 0.07396423492189577,
  "hour_3": 0.07352256761854607,
  "day_of_week_4": 0.06563057769366151,
  "hour_19": 0.06498093927694223,
  "hour_0": 0.06226484976093093,
  "is_peak_evening_1": 0.058672639367152474,
  "is_peak_evening_0": 0.05867263936715247,
  "day_of_week_2": 0.05268946493015367,
  "day_of_week_6": 0.05267770174435828,
  "hour_9": 0.04818515294628714,
  "day_of_week_0": 0.04626923058382763,
  "is_peak_morning_0": 0.03890881353448255,
  "hour_7": 0.03890881353448251,
  "is_peak_morning_1": 0.03890881353448251,
  "is_weekend_1": 0.02772685548798719,
  "is_weekend_0": 0.027726855487987173,
  "day_of_week_5": 0.026947050721923622,
  "hour_11": 0.02412711798705074,
  "hour_22": 0.01897130561377807,
  "hour_13": 0.017902409564218316,
  "hour_14": 0.01586258033402783,
  "hour_20": 0.010427499516528042,
  "hour_6": 0.0008152037764117881
}