{
  "site_id": 4063,
  "top_peak_intervals": [
    70,
    69,
    71,
    72,
    68,
    67
  ],
  "top_peak_times": [
    "17:30",
    "17:15",
    "17:45",
    "18:00",
    "17:00",
    "16:45"
  ],
  "peak_volumes": [
    157.33870967741936,
    156.5,
    156.32258064516128,
    153.68548387096774,
    151.29032258064515,
    147.36290322580646
  ],
  "total_samples": 10416
}